route,sentence,keyword,action
"/r-12-vs-r-134a/","""R-12 is the legacy CFC refrigerant that ran nearly every automotive AC and residential/commercial refrigerator until Montreal Protocol phase-out (US production ban 1996);","ban","R5: 'US production/import of CFCs ended January 1, 1996 (EPA)'"
"/r-12-vs-r-134a/","Reclaimed R-12 remains legal for service under EPA Section 608 through the used-refrigerant reclaim market, though supply has tightened materially over 20+ years of phase-out.","phase-out","R5: 'US production/import of CFCs ended January 1, 1996 (EPA)'"
"/r-12-vs-r-134a/","""If the equipment is being replaced rather than serviced, and GWP compliance matters (post-2021 automotive, EU F-Gas jurisdictions, corporate sustainability goals):","F-Gas","R3: EU claim = eu(ref) only; frame as 517/2014 replaced by 2024/573 (11 Mar 2024)"
"/r-12-vs-r-134a/","Virgin R-12 production was banned in the US on January 1, 1996 under the Montreal Protocol;","banned","R5: 'US production/import of CFCs ended January 1, 1996 (EPA)'"
"/r-12-vs-r-134a/","the AIM Act (40 CFR Part 84) extends similar limits.","AIM Act","review"
"/r-12-vs-r-134a/","R-134a was designed as its direct replacement when the Montreal Protocol phased out ozone-depleting CFCs.","phased out","R5: 'US production/import of CFCs ended January 1, 1996 (EPA)'"
"/r-1234yf-vs-r-134a/","""For new stationary chiller installations facing AIM Act restrictions, R-1234ze (HFO, A2L, GWP ~1 — designed for chiller pressure envelope) or R-513A (HFC/HFO blend, A1, GWP 630, near-azeotrope) are typical choices over R-1234yf.","AIM Act","review"
"/r-1234yf-vs-r-134a/","""The headline figure is **1** on the US EPA / AIM Act 100-yr basis used for compliance and reporting — you'll see it on EPA SNAP and AIM Act exchange-value tables and on Honeywell Solstice yf and Chemours Opteon YF datasheets.","SNAP","review"
"/r-134a-vs-r-1234ze/","Reclaimed R-134a supply remains available under EPA Section 608 through the AIM Act phase-down, though virgin production is capped and prices are trending upward.","phase-down","verify: phase-down (AIM Act allowances / Kigali)"
"/r-134a-vs-r-1234ze/","""New chiller equipment engineered for R-1234ze(E) — Trane, York, Daikin, and Carrier all offer R-1234ze chiller lines targeting AIM Act and EU F-Gas compliance.","F-Gas","R3: EU claim = eu(ref) only; frame as 517/2014 replaced by 2024/573 (11 Mar 2024)"
"/r-134a-vs-r-1234ze/","Different sources give different values in the 1–7 range depending on measurement methodology and time-horizon convention, but for AIM Act / EU F-Gas compliance R-1234ze is treated as a zero-GWP alternative.","F-Gas","R3: EU claim = eu(ref) only; frame as 517/2014 replaced by 2024/573 (11 Mar 2024)"
"/r-134a-vs-r-1234ze/","Trane, York, Daikin, and Carrier ship R-1234ze chiller lines for commercial and industrial cooling applications where AIM Act or EU F-Gas GWP compliance is the driver.","F-Gas","R3: EU claim = eu(ref) only; frame as 517/2014 replaced by 2024/573 (11 Mar 2024)"
"/r-134a-vs-r-1234ze/","R-1234ze is one of the AIM Act-compliant paths for the R-134a chiller market — essentially zero GWP, mature manufacturer support (Chemours Opteon, Honeywell Solstice), and shipping in new equipment lines from every major chiller OEM.","AIM Act","review"
"/r-134a-vs-r-513a/","R-513A retrofit is a reasonable hedge against AIM Act phase-down pressure and operating-cost increases as R-134a supply tightens.","phase-down","verify: phase-down (AIM Act allowances / Kigali)"
"/r-134a-vs-r-513a/","full replacement with new R-1234ze(E) (A2L) or R-515B (A1) chillers eliminates phase-down risk entirely and typically delivers efficiency improvements.""","phase-down","verify: phase-down (AIM Act allowances / Kigali)"
"/r-22-vs-r-32/","HCFC A1 with MO (production banned 2020) vs modern HFC A2L with POE.","banned","R5: 'US production/import of CFCs ended January 1, 1996 (EPA)'"
"/r-22-vs-r-32/","""R-22 is the legacy HCFC residential AC refrigerant (banned for production 2020);","banned","R5: 'US production/import of CFCs ended January 1, 1996 (EPA)'"
"/r-22-vs-r-32/","R-32 is a pure refrigerant (no glide, no fractionation concern), GWP 675 (below AIM Act 700-GWP threshold), and offers higher volumetric capacity than R-22 or R-410A.","AIM Act","review"
"/r-22-vs-r-32/","""For existing R-22 equipment needing significant work, R-22 retrofit blends (R-407C, R-422D, R-438A) buy time without equipment replacement — but those are HFC blends facing their own AIM Act phase-down.","phase-down","verify: phase-down (AIM Act allowances / Kigali)"
"/r-22-vs-r-32/","""R-32 GWP 675 (the AIM Act figure) vs R-22 GWP 1810.","AIM Act","review"
"/r-22-vs-r-32/","R-32 sits just below the AIM Act 700-GWP threshold for new residential AC equipment.","AIM Act","review"
"/r-22-vs-r-32/","R-22 is phased out for ozone-depletion (ODP 0.055) under the Montreal Protocol — its GWP wasn't the binding regulatory concern, but R-32's better GWP is part of the modern transition story.""","phased out","review: Montreal (CFC/HCFC ODS context)"
"/r-22-vs-r-32/","When R-22 was phased out of new equipment in 2010, R-410A (HFC blend, A1 non-flammable) was the dominant replacement — R-410A's A1 safety class matched the existing R-22 equipment design paradigm.","phased out","R1: US ban must be engine-derived (subsector+date+limit+para) or deleted"
"/r-22-vs-r-32/","R-32 only became the new-equipment standard in 2024-2025 when AIM Act pressure on R-410A's GWP (2088) made the A2L transition unavoidable.""","AIM Act","review"
"/r-22-vs-r-407c/","New equipment delivers 20-30% efficiency improvement vs R-22-era systems and eliminates the AIM Act phase-down risk that affects R-407C too (R-407C GWP 1774, above the 700-GWP threshold for many new equipment categories).""","phase-down","verify: phase-down (AIM Act allowances / Kigali)"
"/r-22-vs-r-407c/","Under the AIM Act R-407C is restricted for many new equipment categories starting in 2025-2026.","AIM Act","review"
"/r-22-vs-r-410a/","R410A pressures ~65% higher, MO→POE oil change required, R22 production banned 2020 (reclaimed legal for service).","banned","review"
"/r-22-vs-r-410a/","""R-22 is the legacy HCFC (production banned 2020);","banned","R5: 'US production/import of CFCs ended January 1, 1996 (EPA)'"
"/r-22-vs-r-410a/","New equipment production was banned in 2010;","banned","R1: US ban must be engine-derived (subsector+date+limit+para) or deleted"
"/r-22-vs-r-410a/","virgin R-22 production was banned January 1, 2020.","banned","review"
"/r-22-vs-r-410a/","R-410A is itself now phased down under the AIM Act for new equipment beginning January 1, 2025, but service supply (reclaimed R-410A) remains adequate through the late 2030s.","AIM Act","review"
"/r-22-vs-r-410a/","All face their own AIM Act phase-down restrictions.","phase-down","verify: phase-down (AIM Act allowances / Kigali)"
"/r-22-vs-r-410a/","Eliminates phase-down risk and modernizes the safety class (A2L).","phase-down","verify: phase-down (AIM Act allowances / Kigali)"
"/r-22-vs-r-410a/","""Production was banned in the US on January 1, 2020 under the Montreal Protocol HCFC phase-out.","banned","R5: 'US production/import of CFCs ended January 1, 1996 (EPA)'"
"/r-22-vs-r-410a/","""Is R-410A being phased out too?""","phased out","review"
"/r-22-vs-r-410a/","""Yes — under the AIM Act.","AIM Act","review"
"/r-22-vs-r-438a/","Reclaimed R-22 remains legal under EPA Section 608 (40 CFR Part 82) — virgin production was banned January 1, 2020, but the reclaim market continues to supply service demand.","banned","review"
"/r-22-vs-r-438a/","R-438A (Chemours Freon MO99, formerly DuPont ISCEON MO99) is one of several HFC blends developed to retrofit existing R-22 systems as the Montreal Protocol phase-out took effect.","phase-out","review: Montreal (CFC/HCFC ODS context)"
"/r-22-vs-r-454b/","HCFC A1 (production banned 2020, reclaimed legal) vs A2L HFC/HFO blend.","banned","R5: 'US production/import of CFCs ended January 1, 1996 (EPA)'"
"/r-22-vs-r-454b/","""R-22 is the legacy HCFC residential AC refrigerant (production banned 2020);","banned","R5: 'US production/import of CFCs ended January 1, 1996 (EPA)'"
"/r-22-vs-r-454b/","GWP 465 (below AIM Act 700-GWP threshold) with the lowest among A2L blends in mainstream residential use.""","AIM Act","review"
"/r-22-vs-r-454b/","These are HFC blends facing their own AIM Act phase-down — a 5-10 year bridge, not a long-term answer.","phase-down","verify: phase-down (AIM Act allowances / Kigali)"
"/r-22-vs-r-454b/","preserves equipment chassis, adds 5-10 year service life, still faces HFC phase-down","phase-down","verify: phase-down (AIM Act allowances / Kigali)"
"/r-22-vs-r-454b/","eliminates phase-down risk","phase-down","verify: phase-down (AIM Act allowances / Kigali)"
"/r-22-vs-r-454b/","R-22 is being phased out for ozone-depletion concerns (ODP 0.055) under the Montreal Protocol;","phased out","review: Montreal (CFC/HCFC ODS context)"
"/r-22-vs-r-454b/","R-454B has zero ODP and clears the AIM Act 700-GWP threshold by a wider margin than R-32 does.""","AIM Act","review"
"/r-32-vs-r-410a/","""If GWP below 150 matters (EU F-Gas, some corporate sustainability programs), look at R-454C (146), R-455A (146), R-516A (140), or natural refrigerants (R-290, R-744).","F-Gas","R3: EU claim = eu(ref) only; frame as 517/2014 replaced by 2024/573 (11 Mar 2024)"
"/r-32-vs-r-410a/","""Its GWP of 2088 places it above the AIM Act's 700-GWP threshold for new residential AC equipment as of January 1, 2025.","AIM Act","review"
"/r-32-vs-r-410a/","The phase-down doesn't ban R-410A for existing equipment service — reclaimed R-410A remains legal and will be available through the 2030s — but new equipment production has transitioned to A2L alternatives (R-32, R-454B, R-452B).""","ban","R1: US ban must be engine-derived (subsector+date+limit+para) or deleted"
"/r-32-vs-r-454b/","""If GWP below 150 matters (EU F-Gas Regulation, some corporate sustainability targets), consider R-454C (GWP 146) or natural refrigerants.","F-Gas","R3: EU claim = eu(ref) only; frame as 517/2014 replaced by 2024/573 (11 Mar 2024)"
"/r-32-vs-r-454b/","R-32 (675) and R-454B (465) both exceed the EU F-Gas 150 threshold for new stationary refrigeration.","F-Gas","R3: EU claim = eu(ref) only; frame as 517/2014 replaced by 2024/573 (11 Mar 2024)"
"/r-32-vs-r-454b/","For residential AC the AIM Act 700 threshold is the binding constraint in the US, which both refrigerants meet.""","AIM Act","review"
"/r-32-vs-r-454b/","For existing R-410A equipment, continued service with reclaimed R-410A is the realistic path through the AIM Act phase-down.","phase-down","verify: phase-down (AIM Act allowances / Kigali)"
"/r-32-vs-r-454b/","""R-454B at 465 has lower GWP than R-32 at 675 (the EPA SNAP exchange-value basis used to publish blend GWPs).","SNAP","review"
"/r-32-vs-r-454b/","For AIM Act compliance both refrigerants comply (the 700 threshold for new residential AC equipment);","AIM Act","review"
"/r-32-vs-r-454b/","for EU F-Gas Regulation neither complies with the long-term 150 threshold for stationary refrigeration.""","F-Gas","R3: EU claim = eu(ref) only; frame as 517/2014 replaced by 2024/573 (11 Mar 2024)"
"/r-404a-vs-r-448a/","Reclaimed R-404A remains legal under EPA Section 608 through the AIM Act phase-down;","phase-down","verify: phase-down (AIM Act allowances / Kigali)"
"/r-404a-vs-r-448a/","""Retrofitting an existing R-404A system when GWP reduction is a driver (AIM Act phase-down compliance, EU F-Gas quota positioning, corporate sustainability commitments), or when reclaimed R-404A supply becomes constrained.","F-Gas","R3: EU claim = eu(ref) only; frame as 517/2014 replaced by 2024/573 (11 Mar 2024)"
"/r-404a-vs-r-448a/","""For new equipment installations at very-low-GWP targets (below 150 GWP for EU F-Gas), the A2L blends R-454C or R-455A are the direction — both at 146 GWP, with the A2L safety class requiring IEC 60335-2-40 equipment certification.","F-Gas","R3: EU claim = eu(ref) only; frame as 517/2014 replaced by 2024/573 (11 Mar 2024)"
"/r-404a-vs-r-448a/","As the AIM Act phase-down (40 CFR Part 84) tightened HFC allocations and the EU F-Gas Regulation drove down GWP thresholds, R-404A's 3922 GWP made continued use in new equipment increasingly untenable.","F-Gas","R3: EU claim = eu(ref) only; frame as 517/2014 replaced by 2024/573 (11 Mar 2024)"
"/r-404a-vs-r-449a/","1,396 per AIM Act AR4 exchange basis;","AIM Act","review"
"/r-404a-vs-r-449a/","faces AIM Act restrictions for new equipment.""","AIM Act","review"
"/r-404a-vs-r-449a/","""Retrofitting R-404A equipment for substantial GWP reduction (3,922 → 1,282 AR5 / 1,396 AIM Act AR4 — a ≥64% reduction either basis) without changing lubricant or major components.","AIM Act","review"
"/r-404a-vs-r-449a/","R-404A to R-449A retrofit is one of the most common modern commercial refrigeration service procedures, driven by AIM Act pressure on R-404A.","AIM Act","review"
"/r-404a-vs-r-449a/","**Trajectory note.** R-449A is itself an HFC/HFO blend subject to AIM Act consideration over time.","AIM Act","review"
"/r-404a-vs-r-449a/","Its regulatory GWP of 1,396 (AIM Act AR4 exchange basis;","AIM Act","review"
"/r-404a-vs-r-449a/","Chemours AR5 1,282) sits just below the 1,400 AIM Act interim threshold the 2026 final-revision rule applies to new retail-food remote condensing units and supermarket systems through 2032 — after which the limit drops to 150/300.","AIM Act","review"
"/r-404a-vs-r-449a/","""Why is R-404A being phased out?""","phased out","review"
"/r-404a-vs-r-449a/","AIM Act restrictions begin in 2025 for many commercial refrigeration end-use categories;","AIM Act","review"
"/r-404a-vs-r-449a/","EU F-Gas Regulation has restricted R-404A since 2020 for most new equipment.","F-Gas","R3: EU claim = eu(ref) only; frame as 517/2014 replaced by 2024/573 (11 Mar 2024)"
"/r-404a-vs-r-449a/","The AIM Act regulatory exchange value (AR4 100-yr basis) is **1,396**.","AIM Act","review"
"/r-404a-vs-r-449a/","The latter is what counts for the 1,400 interim threshold under the 2026 Technology Transitions final revision, which R-449A clears by 4 points — making R-449A a legal choice for new retail-food remote condensing units and supermarket systems through 2032.","Technology Transitions","verify: cite 40 CFR 84.54 (Technology Transitions) source"
"/r-404a-vs-r-449a/","For equipment near end-of-life or supporting major capital reinvestment, jumping to A2L (R-454C, R-455A) or R-744 CO₂ in new equipment is the more durable path — eliminates AIM Act phase-down risk entirely.""","phase-down","verify: phase-down (AIM Act allowances / Kigali)"
"/r-404a-vs-r-452a/","Reclaimed R-404A remains legal to service existing equipment under EPA Section 608, though the AIM Act phase-down (40 CFR Part 84) restricts new equipment above certain GWP thresholds and virgin R-404A supply is tightening.","phase-down","verify: phase-down (AIM Act allowances / Kigali)"
"/r-404a-vs-r-452a/","R-452A is one of several R-404A retrofit refrigerants that reached the market as the AIM Act phase-down tightened.","phase-down","verify: phase-down (AIM Act allowances / Kigali)"
"/r-407c-vs-r-410a/","Both R-407C and R-410A are HFC blends facing AIM Act phase-down for new equipment categories.","phase-down","verify: phase-down (AIM Act allowances / Kigali)"
"/r-407c-vs-r-410a/","R-410A → R-407C would technically work pressure-wise but with significant efficiency loss and no benefit (both are AIM Act-affected HFC blends).","AIM Act","review"
"/r-407c-vs-r-410a/","The industry chose R-410A for new equipment starting ~2010 when R-22 was banned for new manufacturing.""","banned","R1: US ban must be engine-derived (subsector+date+limit+para) or deleted"
"/r-407c-vs-r-410a/","Both well above the AIM Act 700-GWP threshold for new residential AC equipment.","AIM Act","review"
"/r-407c-vs-r-410a/","Both face phase-down restrictions for new equipment beginning 2025.","phase-down","verify: phase-down (AIM Act allowances / Kigali)"
"/r-407c-vs-r-410a/","""Generally no — under the AIM Act, new residential AC equipment manufactured 2025+ must be A2L (R-32 or R-454B) for many categories.","AIM Act","review"
"/r-410a-vs-r-454b/","The Residential AC Phase-Down Decision""","phase-down","verify: phase-down (AIM Act allowances / Kigali)"
"/r-410a-vs-r-454b/","new equipment production under the AIM Act ended January 1, 2025 but the existing installed base continues to be serviceable.","AIM Act","review"
"/r-410a-vs-r-454b/","The 2025 AIM Act prohibition is on PRODUCTION of HFCs with GWP above 700 in NEW equipment — it does not ban R-410A for servicing existing equipment.","ban","R1: US ban must be engine-derived (subsector+date+limit+para) or deleted"
"/r-410a-vs-r-454b/","R-454B's GWP of 465 satisfies the current AIM Act 700 threshold but exceeds the EU F-Gas Regulation 150 threshold for new stationary refrigeration.","F-Gas","R3: EU claim = eu(ref) only; frame as 517/2014 replaced by 2024/573 (11 Mar 2024)"
"/r-410a-vs-r-454b/","If the AIM Act tightens to a lower GWP threshold in future rulemaking (a 500 or 300 threshold has been discussed), R-454B would become non-compliant for new equipment.","AIM Act","review"
"/r-448a-vs-r-449a/","Both are below the 1500 threshold that some EU F-Gas quotas key on;","F-Gas","R3: EU claim = eu(ref) only; frame as 517/2014 replaced by 2024/573 (11 Mar 2024)"
"/r-448a-vs-r-449a/","In the AIM Act phase-down timeline, both are AIM-Act-affected but sit well below the immediate GWP cutoffs that would drive further phase-down — meaning both remain viable retrofit choices through the late 2020s and into the 2030s, with the eventual next-step being A2L (R-454C / R-455A) rather than yet another A1 blend.""","phase-down","verify: phase-down (AIM Act allowances / Kigali)"
"/r-454b-vs-r-454c/","R-454C's much higher R-1234yf content brings GWP down to 146 (well under the EU F-Gas 150 threshold and comfortably under any AIM Act sector cap), at the cost of substantial temperature glide (13.9°F).","F-Gas","R3: EU claim = eu(ref) only; frame as 517/2014 replaced by 2024/573 (11 Mar 2024)"
"/r-454b-vs-r-454c/","For residential AC where A2L classification isn't yet acceptable (some jurisdictions phasing in A2L certification), continued R-410A service through 2030s reclaimed supply is the interim option — but the AIM Act phase-down makes this a shrinking window.""","phase-down","verify: phase-down (AIM Act allowances / Kigali)"
"/r-454b-vs-r-454c/","""R-454C at 146 — well under the EU F-Gas 150 threshold and comfortably under the AIM Act 300 GWP cap for new commercial refrigeration.","F-Gas","R3: EU claim = eu(ref) only; frame as 517/2014 replaced by 2024/573 (11 Mar 2024)"
"/r-454b-vs-r-454c/","both refrigerants are AIM Act-compliant for new residential AC production.""","AIM Act","review"
"/r-454c-vs-r-455a/","""For very high efficiency or for the lowest possible GWP, R-744 (CO₂) transcritical systems are the alternative — much higher equipment cost but GWP 1 and no phase-down risk.","phase-down","verify: phase-down (AIM Act allowances / Kigali)"
"/r-454c-vs-r-455a/","""Both have GWP 146 (published on the AR4 / EPA SNAP exchange basis used for blend GWP math).","SNAP","review"
"/r-454c-vs-r-455a/","Both are designed to be just under the EU F-Gas 150-GWP threshold for some commercial refrigeration categories.","F-Gas","R3: EU claim = eu(ref) only; frame as 517/2014 replaced by 2024/573 (11 Mar 2024)"
"/r-744-vs-r-290/","R-744 eliminates flammability concerns and clears regulatory phase-down hurdles permanently (GWP 1, no plausible future restriction).""","phase-down","verify: phase-down (AIM Act allowances / Kigali)"
"/r-744-vs-r-290/","The 'natural' designation positions them as long-term-viable alternatives to manufactured HFCs facing climate phase-down.""","phase-down","verify: phase-down (AIM Act allowances / Kigali)"
"/r-744-vs-r-290/","""Are R-744 and R-290 affected by AIM Act or EU F-Gas?""","F-Gas","R3: EU claim = eu(ref) only; frame as 517/2014 replaced by 2024/573 (11 Mar 2024)"
"/r-744-vs-r-290/","AIM Act targets HFCs;","AIM Act","review"
"/r-744-vs-r-290/","EU F-Gas targets HFCs and PFCs.","F-Gas","R3: EU claim = eu(ref) only; frame as 517/2014 replaced by 2024/573 (11 Mar 2024)"
"/r-744-vs-r-290/","zero phase-down risk for either natural refrigerant.","phase-down","verify: phase-down (AIM Act allowances / Kigali)"
"/refrigerant/r-11/","US production banned January 1, 1996.","banned","R1: US ban must be engine-derived (subsector+date+limit+para) or deleted"
"/refrigerant/r-11/","The Montreal Protocol CFC phase-out ended US production January 1, 1996.","phase-out","R5: 'US production/import of CFCs ended January 1, 1996 (EPA)'"
"/refrigerant/r-11/","R-11 production has been banned in the US since January 1, 1996 under the Montreal Protocol CFC phase-out.","banned","R5: 'US production/import of CFCs ended January 1, 1996 (EPA)'"
"/refrigerant/r-11/","Reclaimed R-11 remains legal to use indefinitely for servicing pre-ban equipment, but the installed base is essentially gone — virtually all R-11 chillers have been replaced through end-of-life cycles since the ban.","ban","R5: 'US production/import of CFCs ended January 1, 1996 (EPA)'"
"/refrigerant/r-11/","Production was banned in 1996;","banned","review"
"/refrigerant/r-11/","R-123 production in turn ended in 2020 under the Montreal Protocol HCFC phase-out.","phase-out","R5: 'US production/import of CFCs ended January 1, 1996 (EPA)'"
"/refrigerant/r-11/","""Reclaimed R-11 in pre-ban equipment is legal to use indefinitely under current US regulations.","ban","R5: 'US production/import of CFCs ended January 1, 1996 (EPA)'"
"/refrigerant/r-11/","R-11 itself is the refrigerant being phased out.","phased out","R5: 'US production/import of CFCs ended January 1, 1996 (EPA)'"
"/refrigerant/r-1150/","R-1150 is not phase-down-targeted — GWP 3.7 is below every regulatory threshold.","phase-down","verify: phase-down (AIM Act allowances / Kigali)"
"/refrigerant/r-12/","Banned globally under Montreal Protocol since 1 January 1996.""","banned","review: Montreal (CFC/HCFC ODS context)"
"/refrigerant/r-12/","montrealprotocol","Montreal","review"
"/refrigerant/r-12/","""Montreal Protocol on Substances that Deplete the Ozone Layer — CFC complete phase-out 1996""","phase-out","R5: 'US production/import of CFCs ended January 1, 1996 (EPA)'"
"/refrigerant/r-12/","""https://ozone.unep.org/treaties/montreal-protocol""","Montreal","review"
"/refrigerant/r-12/","""1987, full CFC ban 1 Jan 1996 in developed countries""","ban","R5: 'US production/import of CFCs ended January 1, 1996 (EPA)'"
"/refrigerant/r-12/","""EPA 40 CFR Part 82 Subpart A — CFC production and consumption ban""","ban","R5: 'US production/import of CFCs ended January 1, 1996 (EPA)'"
"/refrigerant/r-12/","""CFC production banned 1 Jan 1996""","banned","R5: 'US production/import of CFCs ended January 1, 1996 (EPA)'"
"/refrigerant/r-12/","Banned globally","banned","review"
"/refrigerant/r-12/","CFC ban under Montreal Protocol;","ban","R5: 'US production/import of CFCs ended January 1, 1996 (EPA)'"
"/refrigerant/r-12/","its ODP is exactly 1.0 [montrealprotocol].","Montreal","review"
"/refrigerant/r-12/","The 1985 discovery of the Antarctic ozone hole, attributed to atmospheric CFC accumulation, drove the 1987 Montreal Protocol mandate to phase out CFC production.","Montreal","review: Montreal (CFC/HCFC ODS context)"
"/refrigerant/r-12/","R-12 production was completely banned in developed countries on 1 January 1996 [epacfr82].","banned","R5: 'US production/import of CFCs ended January 1, 1996 (EPA)'"
"/refrigerant/r-12/","R-12 production has been completely banned in developed countries since 1 January 1996 [epacfr82].","banned","R5: 'US production/import of CFCs ended January 1, 1996 (EPA)'"
"/refrigerant/r-12/","The Montreal Protocol phase-out applies globally — developing countries followed by 2010.","phase-out","review: Montreal (CFC/HCFC ODS context)"
"/refrigerant/r-12/","""Why was R-12 banned?""","banned","R5: 'US production/import of CFCs ended January 1, 1996 (EPA)'"
"/refrigerant/r-12/","The 1985 discovery of the Antarctic ozone hole, attributed to atmospheric CFC accumulation, drove the 1987 Montreal Protocol mandate for CFC phase-out.","phase-out","R5: 'US production/import of CFCs ended January 1, 1996 (EPA)'"
"/refrigerant/r-12/","Developed countries banned CFC production on 1 January 1996 [epacfr82].","banned","R5: 'US production/import of CFCs ended January 1, 1996 (EPA)'"
"/refrigerant/r-12/","Developing countries followed by 2010 under amended Montreal Protocol schedules.","Montreal","review: Montreal (CFC/HCFC ODS context)"
"/refrigerant/r-12/","New production has been banned in the US since 1996;","banned","R1: US ban must be engine-derived (subsector+date+limit+para) or deleted"
"/refrigerant/r-12/","ODP 1.0 (the reference value for the scale) and GWP 10900 [montrealprotocol][ipccar5].","Montreal","review"
"/refrigerant/r-12/","R-134a was itself replaced by R-1234yf (HFO, GWP 1) in new vehicle MAC starting in 2017 (EU) and 2017-2021 (US) under EU MAC Directive 2006/40/EC and AIM Act pressure.","AIM Act","review"
"/refrigerant/r-12/","Production has been banned since 1996;","banned","review"
"/refrigerant/r-12/","The Montreal Protocol (1987) mandated CFC phase-out;","phase-out","R5: 'US production/import of CFCs ended January 1, 1996 (EPA)'"
"/refrigerant/r-12/","the US implemented complete R-12 production ban on 1 January 1996 [epacfr82].","ban","R5: 'US production/import of CFCs ended January 1, 1996 (EPA)'"
"/refrigerant/r-12/","The 1996 production ban is recognized as one of the most successful global environmental agreements — atmospheric chlorine concentrations have stabilized and begun declining, with stratospheric ozone recovery projected through 2070.","ban","review"
"/refrigerant/r-12/","The Montreal Protocol's ozone-focused phase-out also dramatically reduced future climate impact — eliminating R-12 production prevented decades of additional climate burden.","phase-out","R5: 'US production/import of CFCs ended January 1, 1996 (EPA)'"
"/refrigerant/r-12/","the 1987 Montreal Protocol mandated phase-out;","phase-out","review: Montreal (CFC/HCFC ODS context)"
"/refrigerant/r-12/","the 1996 production ban completed the transition to alternatives.","ban","review"
"/refrigerant/r-12/","R-12's primary continuing relevance is as a historical reference — defining the GWP and ODP scales, the Montreal Protocol case study, the largest refrigerant industry transition before the modern HFC phase-down era.","phase-down","review: Montreal (CFC/HCFC ODS context)"
"/refrigerant/r-1224yd-z/","R-1224yd(Z) is not a controlled substance under the Montreal Protocol.","Montreal","review: Montreal (CFC/HCFC ODS context)"
"/refrigerant/r-1224yd-z/","R-1224yd(Z) is not on any active phase-down list.","phase-down","verify: phase-down (AIM Act allowances / Kigali)"
"/refrigerant/r-1224yd-z/","It is not a controlled substance under the Montreal Protocol.","Montreal","review: Montreal (CFC/HCFC ODS context)"
"/refrigerant/r-1224yd-z/","Its GWP of 1 is below every climate phase-down threshold.","phase-down","verify: phase-down (AIM Act allowances / Kigali)"
"/refrigerant/r-1224yd-z/","R-1224yd(Z) is not a controlled substance under the Montreal Protocol, and its ODP of 0.00012 is several orders of magnitude below the ozone-depleting substances the Protocol regulates.","Montreal","review: Montreal (CFC/HCFC ODS context)"
"/refrigerant/r-1224yd-z/","R-1224yd(Z) is SNAP-listed acceptable for the centrifugal chiller substitute use.","SNAP","review"
"/refrigerant/r-1224yd-z/","R-123 production was banned in the US on January 1, 2020 under the HCFC schedule (despite its very low GWP).","banned","R5: 'US production/import of CFCs ended January 1, 1996 (EPA)'"
"/refrigerant/r-123/","US production banned 1 January 2020.","banned","R1: US ban must be engine-derived (subsector+date+limit+para) or deleted"
"/refrigerant/r-123/","montrealprotocol","Montreal","review"
"/refrigerant/r-123/","""Montreal Protocol — HCFC phase-out schedule (1992 Copenhagen Amendment)""","phase-out","R5: 'US production/import of CFCs ended January 1, 1996 (EPA)'"
"/refrigerant/r-123/","""https://ozone.unep.org/treaties/montreal-protocol""","Montreal","review"
"/refrigerant/r-123/","""EPA 40 CFR Part 82 Subpart A — HCFC production phase-out (R-123 banned 1 Jan 2020)""","banned","R5: 'US production/import of CFCs ended January 1, 1996 (EPA)'"
"/refrigerant/r-123/","""R-123 production banned 1 Jan 2020""","banned","review"
"/refrigerant/r-123/","subject to HCFC phase-out","phase-out","R5: 'US production/import of CFCs ended January 1, 1996 (EPA)'"
"/refrigerant/r-123/","Banned (US)","banned","R1: US ban must be engine-derived (subsector+date+limit+para) or deleted"
"/refrigerant/r-123/","HCFC phase-out under Montreal Protocol;","phase-out","R5: 'US production/import of CFCs ended January 1, 1996 (EPA)'"
"/refrigerant/r-123/","R-123 was the dominant low-pressure centrifugal chiller refrigerant from 1990 through 2020, replacing CFC R-11 in chiller equipment after the 1996 CFC phase-out.","phase-out","R5: 'US production/import of CFCs ended January 1, 1996 (EPA)'"
"/refrigerant/r-123/","US production was banned on 1 January 2020 under the Montreal Protocol HCFC schedule [epacfr82].","banned","R5: 'US production/import of CFCs ended January 1, 1996 (EPA)'"
"/refrigerant/r-123/","R-123 US production was banned on 1 January 2020 under the HCFC schedule [epacfr82].","banned","R5: 'US production/import of CFCs ended January 1, 1996 (EPA)'"
"/refrigerant/r-123/","The phase-out parallels R-22's:","phase-out","review"
"/refrigerant/r-123/","complete ban on new production, with reclaimed supply remaining legal for service of existing equipment under EPA Section 608 [epasec608].","ban","review"
"/refrigerant/r-123/","Production was banned on 1 January 2020 under the HCFC phase-out;","banned","R5: 'US production/import of CFCs ended January 1, 1996 (EPA)'"
"/refrigerant/r-123/","""Why was R-123 phased out?""","phased out","review"
"/refrigerant/r-123/","HCFCs were added to the Montreal Protocol controlled substances list in 1992 (Copenhagen Amendment).","Montreal","review: Montreal (CFC/HCFC ODS context)"
"/refrigerant/r-123/","Despite R-123's relatively low ODP (0.02), the Montreal Protocol HCFC schedule mandated complete phase-out [montrealprotocol].","phase-out","R5: 'US production/import of CFCs ended January 1, 1996 (EPA)'"
"/refrigerant/r-123/","production banned 1 January 2020 [epacfr82].","banned","review"
"/refrigerant/r-123/","GWP 77, ODP 0.02 [ipccar5][montrealprotocol].","Montreal","review"
"/refrigerant/r-123/","The ODP is small but non-zero — triggering the Montreal Protocol phase-out despite the relatively low ozone impact per kg.","phase-out","review: Montreal (CFC/HCFC ODS context)"
"/refrigerant/r-123/","New production has been banned in the US since 1 January 2020 [epacfr82].","banned","R1: US ban must be engine-derived (subsector+date+limit+para) or deleted"
"/refrigerant/r-123/","The molecular structure with chlorine content is what triggered Montreal Protocol HCFC phase-out.","phase-out","R5: 'US production/import of CFCs ended January 1, 1996 (EPA)'"
"/refrigerant/r-123/","<TechSection icon=""globe"" tone=""emerald"" title=""ODP 0.02 and GWP 77 — low for an HCFC, but Montreal Protocol mandates phase-out"">","phase-out","R5: 'US production/import of CFCs ended January 1, 1996 (EPA)'"
"/refrigerant/r-123/","The Montreal Protocol HCFC schedule mandated complete phase-out despite the lower ODP because all chlorine-bearing refrigerants contribute to long-term stratospheric ozone burden.","phase-out","R5: 'US production/import of CFCs ended January 1, 1996 (EPA)'"
"/refrigerant/r-1233zd-e/","""EPA SNAP — R-1233zd(E) acceptable for chiller R-123 replacement""","SNAP","review"
"/refrigerant/r-1233zd-e/","""https://www.epa.gov/snap""","SNAP","review"
"/refrigerant/r-1233zd-e/","montrealprotocol","Montreal","review"
"/refrigerant/r-1233zd-e/","""Montreal Protocol on Substances that Deplete the Ozone Layer""","Montreal","review: Montreal (CFC/HCFC ODS context)"
"/refrigerant/r-1233zd-e/","""https://ozone.unep.org/treaties/montreal-protocol""","Montreal","review"
"/refrigerant/r-1233zd-e/","not a controlled substance under the Montreal Protocol","Montreal","review: Montreal (CFC/HCFC ODS context)"
"/refrigerant/r-1233zd-e/","The single chlorine gives R-1233zd(E) very small but non-zero ozone-depletion potential (0.00034) — far below R-22's 0.055 and far below the substances the Montreal Protocol controls.","Montreal","review: Montreal (CFC/HCFC ODS context)"
"/refrigerant/r-1233zd-e/","R-1233zd(E) is not a controlled substance under the Montreal Protocol;","Montreal","review: Montreal (CFC/HCFC ODS context)"
"/refrigerant/r-1233zd-e/","its ODP (0.00034) is far below the substances the Protocol regulates and it is treated as effectively zero-ODP for practical purposes [montrealprotocol].","Montreal","review"
"/refrigerant/r-1233zd-e/","R-1233zd(E) faces no meaningful phase-down pressure under EU F-Gas, AIM Act, or Montreal Protocol HCFC schedules.","F-Gas","R3: EU claim = eu(ref) only; frame as 517/2014 replaced by 2024/573 (11 Mar 2024)"
"/refrigerant/r-1233zd-e/","4 on the EPA / AIM Act exchange basis;","AIM Act","review"
"/refrigerant/r-1233zd-e/","Technically yes — ODP 0.00034 — but R-1233zd(E) is not a controlled substance under the Montreal Protocol, and its ODP is far below the substances the Protocol regulates.","Montreal","review: Montreal (CFC/HCFC ODS context)"
"/refrigerant/r-1233zd-e/","EPA SNAP has approved R-1233zd(E) for R-123 chiller replacement without ozone-depletion concerns [snap].","SNAP","review"
"/refrigerant/r-1233zd-e/","ODP is 0.00034 — technically non-zero, and R-1233zd(E) is not a controlled substance under the Montreal Protocol [montrealprotocol].","Montreal","review: Montreal (CFC/HCFC ODS context)"
"/refrigerant/r-1233zd-e/","EPA SNAP has approved R-1233zd(E) for R-123 chiller replacement [snap].","SNAP","review"
"/refrigerant/r-1233zd-e/","The combination of very-low GWP and effectively-zero ODP eliminates phase-down risk under all current and reasonably-foreseeable regulatory frameworks.","phase-down","verify: phase-down (AIM Act allowances / Kigali)"
"/refrigerant/r-1233zd-e/","Existing R-123 chillers facing the HCFC phase-down (US R-123 production banned January 2020) can be retrofitted to R-1233zd(E) with operational equivalence.","banned","R5: 'US production/import of CFCs ended January 1, 1996 (EPA)'"
"/refrigerant/r-1234yf/","A2L mildly flammable, GWP 1 (EPA SNAP / AIM Act basis;","SNAP","review"
"/refrigerant/r-1234yf/","""2006 (full ban 2017)""","ban","review"
"/refrigerant/r-1234yf/","""AIM Act, 42 U.S.C.","AIM Act","review"
"/refrigerant/r-1234yf/","7675 — Technology Transitions rule at 40 CFR 84.54 (current through 91 FR 31329, May 26, 2026)""","Technology Transitions","verify: cite 40 CFR 84.54 (Technology Transitions) source"
"/refrigerant/r-1234yf/","""https://www.ecfr.gov/current/title-40/section-84.54""","84.54","verify: cite 40 CFR 84.54 (Technology Transitions) source"
"/refrigerant/r-1234yf/","""Technology Transitions rule, 40 CFR 84.54 (2023–2026)""","Technology Transitions","verify: cite 40 CFR 84.54 (Technology Transitions) source"
"/refrigerant/r-1234yf/","The headline value (1) is the EPA SNAP / AIM Act exchange figure used for compliance.","SNAP","review"
"/refrigerant/r-1234yf/","R-1234yf — GWP 1 on the EPA SNAP / AIM Act basis, and below 1 under the strict IPCC AR5/AR6 100-year window — was the chosen industry-standard replacement.","SNAP","review"
"/refrigerant/r-1234yf/","R-1234yf faces no phase-down pressure — under any reasonable GWP basis (1 on the EPA SNAP / AIM Act basis, <1 per AR5/AR6) the value sits below every regulatory threshold including the EU F-Gas 150-GWP cap for the strictest categories [aimact][eumac].","SNAP","R3: EU claim = eu(ref) only; frame as 517/2014 replaced by 2024/573 (11 Mar 2024)"
"/refrigerant/r-1234yf/","The headline figure is **1** on the AIM Act / SNAP exchange-value basis — the value Honeywell, Chemours and every manufacturer datasheet cite for compliance and reporting [ipccar5].","SNAP","review"
"/refrigerant/r-1234yf/","The 450× shorter lifetime translates to a very large GWP gap by any IPCC reckoning — R-1234yf is reported as GWP 1 (the EPA SNAP exchange figure) and below 1 per strict AR5/AR6, against R-134a at 1430 [ipccar5].","SNAP","review"
"/refrigerant/r-1234yf/","The HFO chemistry is the technical solution that makes Kigali Amendment compliance achievable for the refrigeration industry — without HFOs, the only zero-GWP alternatives would be naturals (R-744, R-290, R-717) with their own constraints.","Kigali","R4: Kigali only for HFC phase-down; counts from kigali block"
"/refrigerant/r-1234yf/","R-1234yf's GWP is **1 on the EPA SNAP / AIM Act 100-yr basis** — the figure the AIM Act exchange-value table and every manufacturer datasheet (Honeywell Solstice yf, Chemours Opteon YF) use for compliance and reporting.","SNAP","review"
"/refrigerant/r-1234yf/","The very low GWP eliminates phase-down risk under AIM Act, EU F-Gas Regulation, Kigali Amendment, and any reasonably-foreseeable future climate policy.","F-Gas","R3: EU claim = eu(ref) only; frame as 517/2014 replaced by 2024/573 (11 Mar 2024)"
"/refrigerant/r-1234ze-e/","ASHRAE A2L, GWP 1 (EPA SNAP / AIM Act basis;","SNAP","review"
"/refrigerant/r-1234ze-e/","R-1234ze(E) is below every regulatory phase-down threshold — its GWP of 1 (the EPA SNAP / AIM Act exchange figure used in regulatory math;","SNAP","verify: phase-down (AIM Act allowances / Kigali)"
"/refrigerant/r-1234ze-e/","≈1.4 by strict IPCC AR6 and similarly low by AR5) is far below AIM Act and EU F-Gas cutoffs.","F-Gas","R3: EU claim = eu(ref) only; frame as 517/2014 replaced by 2024/573 (11 Mar 2024)"
"/refrigerant/r-1234ze-e/","The headline figure is **1** on the AIM Act / SNAP exchange basis used in regulatory math — the value Honeywell Solstice ze literature cites for compliance and reporting.","SNAP","review"
"/refrigerant/r-1234ze-z/","R-1234ze(Z) is not subject to phase-down — its GWP is in the same very-low range as R-1234ze(E), below 1 on the strict IPCC AR5/AR6 basis (dataset value pending peer-reviewed publication).","phase-down","verify: phase-down (AIM Act allowances / Kigali)"
"/refrigerant/r-1234ze/","GWP 1 (EPA SNAP / AIM Act basis);","SNAP","review"
"/refrigerant/r-1234ze/","""AIM Act, 42 U.S.C.","AIM Act","review"
"/refrigerant/r-1234ze/","7675 — Technology Transitions rule at 40 CFR 84.54 (current through 91 FR 31329, May 26, 2026)""","Technology Transitions","verify: cite 40 CFR 84.54 (Technology Transitions) source"
"/refrigerant/r-1234ze/","""https://www.ecfr.gov/current/title-40/section-84.54""","84.54","verify: cite 40 CFR 84.54 (Technology Transitions) source"
"/refrigerant/r-1234ze/","""Technology Transitions rule, 40 CFR 84.54 (2023–2026)""","Technology Transitions","verify: cite 40 CFR 84.54 (Technology Transitions) source"
"/refrigerant/r-1234ze/","""Regulation (EU) No 517/2014, since replaced by (EU) 2024/573 (applying from 11 March 2024)""","517/2014","R3: EU claim = eu(ref) only; frame as 517/2014 replaced by 2024/573 (11 Mar 2024)"
"/refrigerant/r-1234ze/","""https://climate.ec.europa.eu/eu-action/fluorinated-greenhouse-gases/f-gas-legislation_en""","F-Gas","review"
"/refrigerant/r-1234ze/","The headline value (1) is the EPA SNAP / AIM Act exchange figure Honeywell Solstice ze literature uses for compliance.","SNAP","review"
"/refrigerant/r-1234ze/","R-1234ze faces no phase-down pressure — under any reasonable GWP basis (1 on the EPA SNAP / AIM Act basis, ≈1 per AR5/AR6) the value sits below every regulatory threshold including the EU F-Gas 150-GWP cap [aimact][eufgas].","SNAP","R3: EU claim = eu(ref) only; frame as 517/2014 replaced by 2024/573 (11 Mar 2024)"
"/refrigerant/r-1234ze/","Both are pure HFOs with very low GWP — GWP 1 for both on the EPA SNAP / AIM Act basis, and below 1 (R-1234yf) to about 1 (R-1234ze) under strict IPCC AR5/AR6.","SNAP","review"
"/refrigerant/r-1234ze/","The headline figure is **1** on the AIM Act / EPA SNAP exchange-value basis — the value Honeywell Solstice ze literature cites for compliance and reporting [ipccar5].","SNAP","review"
"/refrigerant/r-1234ze/","R-1234ze's GWP is **1 on the EPA SNAP / AIM Act 100-yr basis** (the figure the AIM Act exchange-value table and Honeywell Solstice ze literature cite for compliance) and **near 1 under strict IPCC AR5 / AR6** (AR6 ≈1.4) because the ~16-day atmospheric lifetime is far below the integration window.","SNAP","review"
"/refrigerant/r-1234ze/","The very-low GWP eliminates phase-down risk under AIM Act, EU F-Gas Regulation, and Kigali Amendment.","F-Gas","R3: EU claim = eu(ref) only; frame as 517/2014 replaced by 2024/573 (11 Mar 2024)"
"/refrigerant/r-1234ze/","EU chiller installations increasingly specify R-1234ze for compliance with tightening F-Gas thresholds;","F-Gas","R3: EU claim = eu(ref) only; frame as 517/2014 replaced by 2024/573 (11 Mar 2024)"
"/refrigerant/r-124/","Production phased out in the US on January 1, 2015 under the HCFC schedule.","phased out","R5: 'US production/import of CFCs ended January 1, 1996 (EPA)'"
"/refrigerant/r-124/","The chlorine gives it non-zero ozone-depletion potential (ODP 0.022, low but not zero), placing it on the Montreal Protocol HCFC schedule.","Montreal","review: Montreal (CFC/HCFC ODS context)"
"/refrigerant/r-124/","US production was phased out on January 1, 2015 alongside other small-volume HCFCs.","phased out","R5: 'US production/import of CFCs ended January 1, 1996 (EPA)'"
"/refrigerant/r-124/","Standalone use was limited to aerosol propellant and some specialty fire-suppression applications, both also phased out.","phased out","R1: US ban must be engine-derived (subsector+date+limit+para) or deleted"
"/refrigerant/r-124/","- Historical component in R-409A and R-414B (R-22 retrofit HCFC blends, themselves now phased out)","phased out","R5: 'US production/import of CFCs ended January 1, 1996 (EPA)'"
"/refrigerant/r-124/","R-124 production has been banned in the US since January 1, 2015 under the HCFC phase-out schedule.","banned","R5: 'US production/import of CFCs ended January 1, 1996 (EPA)'"
"/refrigerant/r-124/","The HCFC blends that contained R-124 (R-409A, R-414B, R-414A) faced the same phase-out timeline.","phase-out","R5: 'US production/import of CFCs ended January 1, 1996 (EPA)'"
"/refrigerant/r-124/","""Why was R-124 phased out?""","phased out","review"
"/refrigerant/r-124/","The Montreal Protocol HCFC phase-out schedule eliminated R-124 production in the US on January 1, 2015 as part of the broader HCFC elimination.","phase-out","R5: 'US production/import of CFCs ended January 1, 1996 (EPA)'"
"/refrigerant/r-124/","Although R-124's ODP is low compared to R-22's 0.055 or R-12's 1.0, the Montreal Protocol's structure phased out all HCFCs on a defined timeline regardless of relative ODP magnitude.","phased out","R5: 'US production/import of CFCs ended January 1, 1996 (EPA)'"
"/refrigerant/r-124/","New production has been banned since 2015.","banned","review"
"/refrigerant/r-124/","However, the ODP of 0.022 was the binding regulatory concern — R-124 was phased out for ozone-depletion reasons under the Montreal Protocol, not for GWP reasons.","phased out","review: Montreal (CFC/HCFC ODS context)"
"/refrigerant/r-125/","""AIM Act, 42 U.S.C.","AIM Act","review"
"/refrigerant/r-125/","7675 — Technology Transitions rule at 40 CFR 84.54 (current through 91 FR 31329, May 26, 2026)""","Technology Transitions","verify: cite 40 CFR 84.54 (Technology Transitions) source"
"/refrigerant/r-125/","""https://www.ecfr.gov/current/title-40/section-84.54""","84.54","verify: cite 40 CFR 84.54 (Technology Transitions) source"
"/refrigerant/r-125/","""Technology Transitions rule, 40 CFR 84.54 (2023–2026)""","Technology Transitions","verify: cite 40 CFR 84.54 (Technology Transitions) source"
"/refrigerant/r-125/","R-125 as a standalone refrigerant faces phase-down pressure under AIM Act and EU F-Gas Regulation due to its very high GWP (3500).","F-Gas","R3: EU claim = eu(ref) only; frame as 517/2014 replaced by 2024/573 (11 Mar 2024)"
"/refrigerant/r-125/","R-125's high GWP is the primary reason blends containing significant R-125 content (R-410A 50%, R-404A 44%) have high overall GWP and face aggressive phase-down.","phase-down","verify: phase-down (AIM Act allowances / Kigali)"
"/refrigerant/r-125/","""Is R-125 being phased out?""","phased out","review"
"/refrigerant/r-125/","Indirectly, through the phase-down of HFC blends containing R-125.","phase-down","verify: phase-down (AIM Act allowances / Kigali)"
"/refrigerant/r-125/","As R-410A, R-404A, R-407C face AIM Act and EU F-Gas restrictions, R-125 production volumes decrease.","F-Gas","R3: EU claim = eu(ref) only; frame as 517/2014 replaced by 2024/573 (11 Mar 2024)"
"/refrigerant/r-125/","EU F-Gas Regulation and AIM Act prioritize GWP reduction over safety classification preservation;","F-Gas","R3: EU claim = eu(ref) only; frame as 517/2014 replaced by 2024/573 (11 Mar 2024)"
"/refrigerant/r-125/","R-125's market role is shrinking as HFC blends containing significant R-125 content face phase-down pressure.","phase-down","verify: phase-down (AIM Act allowances / Kigali)"
"/refrigerant/r-125/","R-410A (50% R-125) phase-down in residential AC from 2025;","phase-down","verify: phase-down (AIM Act allowances / Kigali)"
"/refrigerant/r-125/","R-404A (44% R-125) phase-down in commercial refrigeration through 2024-2025.","phase-down","verify: phase-down (AIM Act allowances / Kigali)"
"/refrigerant/r-1270/","R-1270 is not on the AIM Act phase-down list — its GWP of 2 places it far below any phase-down threshold.","phase-down","verify: phase-down (AIM Act allowances / Kigali)"
"/refrigerant/r-13/","Production banned in 1996;","banned","review"
"/refrigerant/r-13/","Banned for production in the US on January 1, 1996 under the Montreal Protocol.","banned","R1: US ban must be engine-derived (subsector+date+limit+para) or deleted"
"/refrigerant/r-13/","R-13 production has been banned for almost three decades.","banned","review"
"/refrigerant/r-13/","R-23 (HFC-23, trifluoromethane, CHF₃) was the immediate replacement when CFCs were phased out in the 1990s.","phased out","R5: 'US production/import of CFCs ended January 1, 1996 (EPA)'"
"/refrigerant/r-1336mzz-z/","""EPA SNAP — R-1336mzz(Z) acceptable for high-temperature heat pumps""","SNAP","review"
"/refrigerant/r-1336mzz-z/","""https://www.epa.gov/snap""","SNAP","review"
"/refrigerant/r-1336mzz-z/","R-1336mzz(Z) faces no phase-down pressure — GWP 2 is below every regulatory threshold.","phase-down","verify: phase-down (AIM Act allowances / Kigali)"
"/refrigerant/r-1336mzz-z/","EPA SNAP has approved R-1336mzz(Z) for industrial heat pump applications [snap].","SNAP","review"
"/refrigerant/r-1336mzz-z/","EPA SNAP has approved R-1336mzz(Z) for high-temperature heat pump applications [snap].","SNAP","review"
"/refrigerant/r-1336mzz-z/","EU F-Gas Regulation provides clear positioning under all current thresholds.","F-Gas","R3: EU claim = eu(ref) only; frame as 517/2014 replaced by 2024/573 (11 Mar 2024)"
"/refrigerant/r-1336mzz-z/","No phase-down risk through any plausible future regulatory scenario.","phase-down","verify: phase-down (AIM Act allowances / Kigali)"
"/refrigerant/r-134a/","""AIM Act, 42 U.S.C.","AIM Act","review"
"/refrigerant/r-134a/","7675 — Technology Transitions rule at 40 CFR 84.54 (current through 91 FR 31329, May 26, 2026)""","Technology Transitions","verify: cite 40 CFR 84.54 (Technology Transitions) source"
"/refrigerant/r-134a/","""https://www.ecfr.gov/current/title-40/section-84.54""","84.54","verify: cite 40 CFR 84.54 (Technology Transitions) source"
"/refrigerant/r-134a/","""Technology Transitions rule, 40 CFR 84.54 (2023–2026)""","Technology Transitions","verify: cite 40 CFR 84.54 (Technology Transitions) source"
"/refrigerant/r-134a/","""EU Mobile Air Conditioning Directive 2006/40/EC — Banned R-134a in new MAC vehicle types after 1 Jan 2017""","banned","review"
"/refrigerant/r-134a/","""2006 (full ban 1 Jan 2017 for new vehicle types)""","ban","review"
"/refrigerant/r-134a/","""EPA Significant New Alternatives Policy (SNAP) — R-134a end-use determinations""","SNAP","review"
"/refrigerant/r-134a/","""https://www.epa.gov/snap""","SNAP","review"
"/refrigerant/r-134a/","Above AIM Act 700-GWP limit for new residential/light-commercial AC;","AIM Act","review"
"/refrigerant/r-134a/","It replaced CFC R-12 in mobile air conditioning, centrifugal chillers, and domestic refrigeration in the early 1990s as the Montreal Protocol phased out CFCs.","phased out","R5: 'US production/import of CFCs ended January 1, 1996 (EPA)'"
"/refrigerant/r-134a/","the EU banned R-134a in new car (MVAC) types from 1 January 2017 under the MAC Directive 2006/40/EC;","banned","review"
"/refrigerant/r-134a/","R-134a (GWP 1430) is a regulated HFC under the AIM Act.","AIM Act","review"
"/refrigerant/r-134a/","New residential & light-commercial AC/heat pumps are restricted from January 1, 2025 (40 CFR 84.54(a)(1)/(c)(1), ≥700 GWP;","84.54","verify: cite 40 CFR 84.54 (Technology Transitions) source"
"/refrigerant/r-134a/","VRF (c)(2) from 2026), and new comfort-cooling chillers from January 1, 2025 (84.54(a)(10)(i)/(c)(3), ≥700;","84.54","verify: cite 40 CFR 84.54 (Technology Transitions) source"
"/refrigerant/r-134a/","industrial-process chillers (a)(10)(iii)/(c)(5) from 2026 and (a)(10)(iv)/(c)(6) from 2028) — see the US new-equipment rules (40 CFR 84.54) section on this page [aimact].","84.54","verify: cite 40 CFR 84.54 (Technology Transitions) source"
"/refrigerant/r-134a/","Servicing existing equipment stays legal (84.54(e)).","84.54","verify: cite 40 CFR 84.54 (Technology Transitions) source"
"/refrigerant/r-134a/","EU F-Gas and US EPA regulation continue to use the 1430 figure for compliance determinations.","F-Gas","R3: EU claim = eu(ref) only; frame as 517/2014 replaced by 2024/573 (11 Mar 2024)"
"/refrigerant/r-134a/","R-134a remains legal to produce, import, and use in the US under current AIM Act allowances, which step down over the 2030s.","AIM Act","R8: allowance schedule must match phasedown block (30%/20%/15%)"
"/refrigerant/r-134a/","Servicing existing R-134a equipment stays legal (40 CFR 84.54(e));","84.54","verify: cite 40 CFR 84.54 (Technology Transitions) source"
"/refrigerant/r-134a/","new equipment is restricted in specific subsectors — new residential & light-commercial AC/heat pumps and new comfort-cooling chillers from January 1, 2025 — see the US new-equipment rules (40 CFR 84.54) section on this page [aimact].","84.54","verify: cite 40 CFR 84.54 (Technology Transitions) source"
"/refrigerant/r-134a/","This pure-refrigerant simplicity is one reason R-134a persisted as the dominant mobile AC and centrifugal chiller refrigerant for three decades after the R-12 phase-out.","phase-out","R5: 'US production/import of CFCs ended January 1, 1996 (EPA)'"
"/refrigerant/r-134a/","The chemistry switch from R-12 to R-134a was driven by Montreal Protocol obligations.","Montreal","review: Montreal (CFC/HCFC ODS context)"
"/refrigerant/r-134a/","10900), though still well above modern AIM Act and EU F-Gas thresholds.","F-Gas","R3: EU claim = eu(ref) only; frame as 517/2014 replaced by 2024/573 (11 Mar 2024)"
"/refrigerant/r-134a/","The Montreal Protocol CFC phase-out — US production and import of CFCs ended January 1, 1996 (EPA) — was specifically targeting chlorine;","phase-out","R5: 'US production/import of CFCs ended January 1, 1996 (EPA)'"
"/refrigerant/r-134a/","For practical purposes, R-134a's ODP 0 placed it outside Montreal Protocol restrictions.","Montreal","review: Montreal (CFC/HCFC ODS context)"
"/refrigerant/r-134a/","The follow-on framework — the Kigali Amendment (2016) HFC phase-down and the AIM Act (2020) — added climate-based (GWP) restrictions on top of the existing ozone-based framework.","phase-down","R4: Kigali only for HFC phase-down; counts from kigali block"
"/refrigerant/r-134a/","R-134a is restricted in specific new-equipment subsectors under the AIM Act (see the US new-equipment rules section on this page), not for ozone reasons.","AIM Act","review"
"/refrigerant/r-134a/","The regulatory value is 1430 (the AR4 / AIM Act exchange figure);","AIM Act","review"
"/refrigerant/r-134a/","The AIM Act and EU F-Gas Regulation both use the 1430 figure for regulatory determinations.","F-Gas","R3: EU claim = eu(ref) only; frame as 517/2014 replaced by 2024/573 (11 Mar 2024)"
"/refrigerant/r-134a/","The EU banned R-134a in new car (MVAC) types from 1 January 2017 under the MAC Directive 2006/40/EC (150-GWP cap) [eumac].","banned","review"
"/refrigerant/r-134a/","Under the AIM Act, R-134a is restricted in new residential & light-commercial AC/heat pumps and new comfort-cooling chillers from January 1, 2025 (40 CFR 84.54, ≥700 GWP) — see the US new-equipment rules section on this page.","84.54","verify: cite 40 CFR 84.54 (Technology Transitions) source"
"/refrigerant/r-134a/","It established the regulatory template for the EU F-Gas Regulation (Regulation (EU) No 517/2014, since replaced by (EU) 2024/573, applying from 11 March 2024) and ultimately influenced the AIM Act framework — using GWP thresholds tied to specific end-uses rather than blanket refrigerant bans.","F-Gas","R3: EU claim = eu(ref) only; frame as 517/2014 replaced by 2024/573 (11 Mar 2024)"
"/refrigerant/r-134a/","For centrifugal chillers using R-134a, the EU F-Gas and AIM Act phase-down pressure creates four established retrofit / replacement paths:","F-Gas","R3: EU claim = eu(ref) only; frame as 517/2014 replaced by 2024/573 (11 Mar 2024)"
"/refrigerant/r-134a/","Service-supply economics for R-134a will track the AIM Act allowance schedule — production and consumption allowances step down to 30% of baseline in 2029-2033, 20% in 2034-2035, and 15% in 2036 and after (42 U.S.C.","AIM Act","R8: allowance schedule must match phasedown block (30%/20%/15%)"
"/refrigerant/r-134a/","Pricing will rise gradually but stays below the steep curve R-22 has followed since 2020, because the R-134a installed base is much larger and the phase-down is more gradual.","phase-down","verify: phase-down (AIM Act allowances / Kigali)"
"/refrigerant/r-143a/","""AIM Act, 42 U.S.C.","AIM Act","review"
"/refrigerant/r-143a/","7675 — Technology Transitions rule at 40 CFR 84.54 (current through 91 FR 31329, May 26, 2026)""","Technology Transitions","verify: cite 40 CFR 84.54 (Technology Transitions) source"
"/refrigerant/r-143a/","""https://www.ecfr.gov/current/title-40/section-84.54""","84.54","verify: cite 40 CFR 84.54 (Technology Transitions) source"
"/refrigerant/r-143a/","""Technology Transitions rule, 40 CFR 84.54 (2023–2026)""","Technology Transitions","verify: cite 40 CFR 84.54 (Technology Transitions) source"
"/refrigerant/r-143a/","R-143a faces phase-down pressure indirectly through the phase-down of HFC blends containing R-143a.","phase-down","verify: phase-down (AIM Act allowances / Kigali)"
"/refrigerant/r-143a/","R-404A (52% R-143a) and R-507A (50%) are aggressively phased down under AIM Act and EU F-Gas Regulation [aimact].","F-Gas","R3: EU claim = eu(ref) only; frame as 517/2014 replaced by 2024/573 (11 Mar 2024)"
"/refrigerant/r-143a/","""Is R-143a being phased out?""","phased out","review"
"/refrigerant/r-143a/","Indirectly through the phase-down of R-404A and R-507A.","phase-down","verify: phase-down (AIM Act allowances / Kigali)"
"/refrigerant/r-143a/","As these blends face AIM Act and EU F-Gas restrictions, R-143a production volumes decrease.","F-Gas","R3: EU claim = eu(ref) only; frame as 517/2014 replaced by 2024/573 (11 Mar 2024)"
"/refrigerant/r-143a/","<TechSection icon=""recycle"" tone=""amber"" title=""R-143a in the commercial refrigeration phase-down chain"">","phase-down","verify: phase-down (AIM Act allowances / Kigali)"
"/refrigerant/r-143a/","R-143a's commercial role is concentrated in R-404A and R-507A — both being aggressively phased down for new equipment under AIM Act and EU F-Gas Regulation.","F-Gas","R3: EU claim = eu(ref) only; frame as 517/2014 replaced by 2024/573 (11 Mar 2024)"
"/refrigerant/r-152a/","""EPA SNAP — R-152a acceptable for limited refrigeration end-uses""","SNAP","review"
"/refrigerant/r-152a/","""https://www.epa.gov/snap""","SNAP","review"
"/refrigerant/r-152a/","banned 1996)""","banned","review"
"/refrigerant/r-152a/","R-152a faces minimal phase-down pressure — GWP 124 is below most regulatory thresholds [snap].","SNAP","verify: phase-down (AIM Act allowances / Kigali)"
"/refrigerant/r-152a/","R-152a is not on AIM Act priority targeting lists for restriction.","AIM Act","review"
"/refrigerant/r-152a/","EU F-Gas Regulation does not specifically restrict R-152a as a refrigerant.","F-Gas","R3: EU claim = eu(ref) only; frame as 517/2014 replaced by 2024/573 (11 Mar 2024)"
"/refrigerant/r-152a/","Historically R-152a was a component in R-500 (R-12/R-152a azeotrope, banned 1996 with R-12 under Montreal Protocol).","banned","R5: 'US production/import of CFCs ended January 1, 1996 (EPA)'"
"/refrigerant/r-152a/","R-152a's GWP of 124 is low for an HFC — below the EU F-Gas 150-GWP threshold for several commercial refrigeration categories.","F-Gas","R3: EU claim = eu(ref) only; frame as 517/2014 replaced by 2024/573 (11 Mar 2024)"
"/refrigerant/r-152a/","- **More limited EPA SNAP approval** scope than A2L","SNAP","review"
"/refrigerant/r-218/","R-218 is not currently subject to a focused HVAC-segment phase-down — its use is too specialized for typical equipment regulation.","phase-down","verify: phase-down (AIM Act allowances / Kigali)"
"/refrigerant/r-218/","The EU F-Gas Regulation includes PFCs, including R-218, in its phase-down scope;","F-Gas","R3: EU claim = eu(ref) only; frame as 517/2014 replaced by 2024/573 (11 Mar 2024)"
"/refrigerant/r-218/","""Is R-218 affected by the AIM Act?""","AIM Act","review"
"/refrigerant/r-218/","R-218 is not on the AIM Act's targeted HFC list (the AIM Act focuses on HFCs by ASHRAE designation).","AIM Act","review"
"/refrigerant/r-218/","Kyoto Protocol reporting, EU F-Gas Regulation, EPA reporting requirements for high-GWP industrial gases.","F-Gas","R3: EU claim = eu(ref) only; frame as 517/2014 replaced by 2024/573 (11 Mar 2024)"
"/refrigerant/r-22/","""Pure HCFC chlorodifluoromethane — the dominant US residential AC refrigerant 1960s-2010, with virgin production banned 1 January 2020 under the Montreal Protocol HCFC schedule.""","banned","R5: 'US production/import of CFCs ended January 1, 1996 (EPA)'"
"/refrigerant/r-22/","montrealprotocol","Montreal","review"
"/refrigerant/r-22/","""Montreal Protocol on Substances that Deplete the Ozone Layer — HCFC phase-out schedule (1992 Copenhagen Amendment)""","phase-out","R5: 'US production/import of CFCs ended January 1, 1996 (EPA)'"
"/refrigerant/r-22/","""https://ozone.unep.org/treaties/montreal-protocol""","Montreal","review"
"/refrigerant/r-22/","""EPA 40 CFR Part 82 Subpart A — Production and Consumption Controls (HCFC phase-out)""","phase-out","R5: 'US production/import of CFCs ended January 1, 1996 (EPA)'"
"/refrigerant/r-22/","""Final HCFC production phase-out:","phase-out","R5: 'US production/import of CFCs ended January 1, 1996 (EPA)'"
"/refrigerant/r-22/","ozone-depleting under Montreal Protocol","Montreal","review: Montreal (CFC/HCFC ODS context)"
"/refrigerant/r-22/","AIM Act does not apply (HCFC, not HFC)","AIM Act","review"
"/refrigerant/r-22/","Its chlorine content gives it ozone-depletion potential of 0.055 [montrealprotocol].","Montreal","review"
"/refrigerant/r-22/","R-22 (HCFC-22) is a class II ozone-depleting substance controlled by the US Clean Air Act ozone phaseout (EPA 40 CFR Part 82 Subpart A), not the AIM Act — the AIM Act and its 40 CFR 84.54 GWP limits apply to HFCs, not to R-22.","84.54","verify: cite 40 CFR 84.54 (Technology Transitions) source"
"/refrigerant/r-22/","Virgin production was banned in 2020, so the entire service market depends on reclaimed R-22 — a finite and shrinking supply pool.","banned","review"
"/refrigerant/r-22/","""Why is R-22 being phased out?""","phased out","review"
"/refrigerant/r-22/","The Montreal Protocol mandated the phase-out of ozone-depleting substances, and its HCFC schedule covers R-22 [montrealprotocol].","phase-out","R5: 'US production/import of CFCs ended January 1, 1996 (EPA)'"
"/refrigerant/r-22/","<TechSection icon=""globe"" tone=""amber"" title=""Why HCFC chemistry triggered the Montreal Protocol phase-out"">","phase-out","R5: 'US production/import of CFCs ended January 1, 1996 (EPA)'"
"/refrigerant/r-22/","This chemistry is what gives R-22 its ozone-depletion potential of 0.055 [montrealprotocol].","Montreal","review"
"/refrigerant/r-22/","They can still have very high global warming potential, which is why the post-Montreal Protocol regulatory framework — in the US, the AIM Act — targets HFCs based on GWP rather than ODP.","Montreal","review: Montreal (CFC/HCFC ODS context)"
"/refrigerant/r-22/","R-22 was phased out under the Montreal Protocol HCFC schedule for its ozone-depletion potential (0.055), implemented as 40 CFR Part 82 Subpart A [epacfr82].","phased out","R5: 'US production/import of CFCs ended January 1, 1996 (EPA)'"
"/refrigerant/r-22/","The AIM Act, which targets refrigerants based on GWP, applies only to HFCs — R-22 is an HCFC and is not subject to AIM Act provisions.","AIM Act","review"
"/refrigerant/r-22/","R-410A is phased down under AIM Act for GWP reasons;","AIM Act","review"
"/refrigerant/r-22/","R-22 had no such GWP-based cutoff — it was phased out for chlorine chemistry, full stop, and its still-considerable GWP burden continues to influence retrofit-vs-replace economics for the installed base.","phased out","review"
"/refrigerant/r-22/","<TechSection icon=""recycle"" tone=""amber"" title=""The Montreal Protocol HCFC phase-out timeline"">","phase-out","R5: 'US production/import of CFCs ended January 1, 1996 (EPA)'"
"/refrigerant/r-22/","R-22 (HCFC-22) is a class II ozone-depleting substance controlled under the Montreal Protocol HCFC schedule [montrealprotocol], implemented in the US as the EPA class II ozone phaseout (40 CFR Part 82 Subpart A) [epacfr82].","Montreal","review: Montreal (CFC/HCFC ODS context)"
"/refrigerant/r-22/","The 2020 production ban was the regulatory event that shifted R-22's economics.","ban","review"
"/refrigerant/r-22/","When an R-22 system needs continued service but virgin R-22 cost or supply becomes prohibitive, refrigerant-only retrofit to a mineral-oil-compatible HFC blend is an option.","prohibit","review"
"/refrigerant/r-22/","All four are HFC blends with non-zero GWP and are themselves subject to AIM Act long-term phase-down.","phase-down","verify: phase-down (AIM Act allowances / Kigali)"
"/refrigerant/r-22/","both A2L, both fall below the AIM Act 700-GWP threshold that applies to HFC systems, both deliver 20-30% efficiency improvement over R-22-era equipment.","AIM Act","review"
"/refrigerant/r-236ea/","R-236ea's GWP of 1,370 places it within AIM Act phase-down scope for HFCs.","phase-down","verify: phase-down (AIM Act allowances / Kigali)"
"/refrigerant/r-236ea/","Production volumes are small, so the practical impact of AIM Act schedules is limited — R-236ea is too specialty-niche for major commercial restriction at current production levels.","AIM Act","review"
"/refrigerant/r-236fa/","Despite the extreme GWP, R-236fa has a useful commercial role as a clean-agent fire suppressant (Chemours FE-36, replacing the banned Halon 1211 in portable extinguishers).","banned","R1: US ban must be engine-derived (subsector+date+limit+para) or deleted"
"/refrigerant/r-236fa/","R-236fa's GWP of 9,810 places it well within AIM Act phase-down scope.","phase-down","verify: phase-down (AIM Act allowances / Kigali)"
"/refrigerant/r-236fa/","Halon 1211 had been banned for production due to extreme ozone-depletion (ODP 3);","banned","review"
"/refrigerant/r-236fa/","FM-200 (HFC-227ea, R-227ea, GWP 3,220) remains in use but faces similar AIM Act pressure to FE-36.","AIM Act","review"
"/refrigerant/r-245fa/","R-245fa's GWP of 1,030 places it within AIM Act phase-down scope.","phase-down","verify: phase-down (AIM Act allowances / Kigali)"
"/refrigerant/r-290/","""EPA SNAP — R-290 acceptable for specific commercial refrigeration end-uses""","SNAP","review"
"/refrigerant/r-290/","""https://www.epa.gov/snap""","SNAP","review"
"/refrigerant/r-290/","no phase-down pressure","phase-down","verify: phase-down (AIM Act allowances / Kigali)"
"/refrigerant/r-290/","The GWP is so low it imposes no phase-down risk, but the A3 flammability triggers strict equipment charge limits under IEC 60335-2-40 (heat pumps and AC) and IEC 60335-2-89 (commercial refrigeration).","phase-down","verify: phase-down (AIM Act allowances / Kigali)"
"/refrigerant/r-290/","R-290 faces no phase-down — GWP 3 is below any regulatory threshold.","phase-down","verify: phase-down (AIM Act allowances / Kigali)"
"/refrigerant/r-290/","EU F-Gas Regulation and AIM Act target high-GWP HFCs;","F-Gas","R3: EU claim = eu(ref) only; frame as 517/2014 replaced by 2024/573 (11 Mar 2024)"
"/refrigerant/r-290/","R-290 is a natural refrigerant outside those frameworks [epasnap].","SNAP","review"
"/refrigerant/r-290/","R-290's natural-refrigerant status places it outside any GWP-based phase-down framework [ipccar5][epasnap].","SNAP","verify: phase-down (AIM Act allowances / Kigali)"
"/refrigerant/r-290/","EU F-Gas Regulation revisions (2024) target tighter HFC thresholds in residential heat pumps.","F-Gas","R3: EU claim = eu(ref) only; frame as 517/2014 replaced by 2024/573 (11 Mar 2024)"
"/refrigerant/r-290/","This pressure similarity made R-290 attractive as an R-22 replacement candidate in industrial refrigeration during the Montreal Protocol R-22 phase-out — same equipment pressure envelope, much better environmental profile, but the A3 flammability classification limited residential deployment.","phase-out","R1: US ban must be engine-derived (subsector+date+limit+para) or deleted"
"/refrigerant/r-290/","Regulatory frameworks targeting climate impact (EU F-Gas, AIM Act, Kigali Amendment) do not apply to hydrocarbons like R-290 — there is no phase-down schedule, no production allocation, no future end-use restriction.","F-Gas","R3: EU claim = eu(ref) only; frame as 517/2014 replaced by 2024/573 (11 Mar 2024)"
"/refrigerant/r-290/","(1) EU F-Gas Regulation 2024 revisions target sub-150-GWP refrigerants in residential heat pump categories through 2030 — R-290 at GWP 3 clears the threshold with maximum margin;","F-Gas","R3: EU claim = eu(ref) only; frame as 517/2014 replaced by 2024/573 (11 Mar 2024)"
"/refrigerant/r-32/","""Pure HFC difluoromethane — the single-component A2L refrigerant replacing R-410A in new residential AC equipment from January 2025 onward under the AIM Act.""","AIM Act","review"
"/refrigerant/r-32/","""AIM Act, 42 U.S.C.","AIM Act","review"
"/refrigerant/r-32/","7675 — Technology Transitions rule at 40 CFR 84.54 (current through 91 FR 31329, May 26, 2026)""","Technology Transitions","verify: cite 40 CFR 84.54 (Technology Transitions) source"
"/refrigerant/r-32/","""https://www.ecfr.gov/current/title-40/section-84.54""","84.54","verify: cite 40 CFR 84.54 (Technology Transitions) source"
"/refrigerant/r-32/","""Technology Transitions rule, 40 CFR 84.54 (2023–2026)""","Technology Transitions","verify: cite 40 CFR 84.54 (Technology Transitions) source"
"/refrigerant/r-32/","""EPA Significant New Alternatives Policy (SNAP) — Acceptable substitutes for residential AC""","SNAP","review"
"/refrigerant/r-32/","""https://www.epa.gov/snap""","SNAP","review"
"/refrigerant/r-32/","Below the AIM Act 700-GWP threshold for residential AC","AIM Act","review"
"/refrigerant/r-32/","AIM Act regulation uses AR5","AIM Act","review"
"/refrigerant/r-32/","R-32 itself is not subject to active phase-down.","phase-down","verify: phase-down (AIM Act allowances / Kigali)"
"/refrigerant/r-32/","Its GWP of 675 sits just below the AIM Act 700-GWP threshold for new residential AC equipment [aimact].","AIM Act","review"
"/refrigerant/r-32/","Long-term, the EU F-Gas Regulation revision (2024) targets even lower GWP thresholds in some segments, which may eventually pressure R-32.","F-Gas","R3: EU claim = eu(ref) only; frame as 517/2014 replaced by 2024/573 (11 Mar 2024)"
"/refrigerant/r-32/","675 (the AIM Act regulatory figure).","AIM Act","review"
"/refrigerant/r-32/","The AIM Act threshold for residential AC equipment is 700 GWP, placing R-32 just inside the permitted range — a deliberate result of the residential A2L transition.","AIM Act","review"
"/refrigerant/r-32/","R-32 at 675 falls below the AIM Act 700 threshold for new residential AC;","AIM Act","review"
"/refrigerant/r-32/","Their R-32 deployment ramped through Asia and Europe years before the AIM Act made it the dominant new-equipment choice.","AIM Act","review"
"/refrigerant/r-32/","US Daikin / Mitsubishi / LG / Fujitsu carried that experience forward when AIM Act timing forced industry-wide R-410A transition in 2025.","AIM Act","review"
"/refrigerant/r-32/","<TechSection icon=""globe"" tone=""emerald"" title=""ODP 0 and GWP 675 — why R-32 clears the AIM Act threshold"">","AIM Act","review"
"/refrigerant/r-32/","The Montreal Protocol HCFC phase-down that eliminated R-22 does not apply to R-32 — it's a hydrofluorocarbon (HFC), classified separately, and not on the Montreal Protocol controlled substances list.","phase-down","review: Montreal (CFC/HCFC ODS context)"
"/refrigerant/r-32/","R-32's GWP of 675 (100-year horizon) places it just below the AIM Act regulatory threshold of 700-GWP for new residential AC equipment manufactured on or after 1 January 2025 [aimact].","AIM Act","review"
"/refrigerant/r-32/","The 700-GWP threshold was selected during the AIM Act technology transitions rulemaking to enable the residential AC industry's transition to A2L refrigerants.","Technology Transitions","review"
"/refrigerant/r-32/","The regulatory figure of 675 is the AIM Act value (the AR4-basis / 40 CFR 84.64 exchange value) [ipccar5].","AIM Act","review"
"/refrigerant/r-32/","The AIM Act uses the exchange values for regulatory determinations, not AR6.","AIM Act","review"
"/refrigerant/r-32/","- **2017-2019** — EU deployment expands ahead of EU F-Gas threshold tightening","F-Gas","R3: EU claim = eu(ref) only; frame as 517/2014 replaced by 2024/573 (11 Mar 2024)"
"/refrigerant/r-32/","- **1 January 2025** — AIM Act 40 CFR 84.54(a)(1)/(c)(1) effective;","84.54","verify: cite 40 CFR 84.54 (Technology Transitions) source"
"/refrigerant/r-32/","both clear the AIM Act 700-GWP threshold, both are A2L, both use POE oil.","AIM Act","review"
"/refrigerant/r-32/","GWP 675 sits below the AIM Act 700 threshold;","AIM Act","review"
"/refrigerant/r-32/","the AIM Act production schedule reaches 85% reduction by 2036 but R-32 (being a low-GWP HFC) consumes less production allocation per kg than higher-GWP refrigerants.","AIM Act","review"
"/refrigerant/r-32/","EU F-Gas Regulation revisions (2024) target tighter thresholds in some segments — small split AC may face sub-150-GWP requirements by 2030, which would push beyond R-32 toward pure HFO blends or natural refrigerants.","F-Gas","R3: EU claim = eu(ref) only; frame as 517/2014 replaced by 2024/573 (11 Mar 2024)"
"/refrigerant/r-365mfc/","R-365mfc's GWP of 794 places it within AIM Act phase-down scope and EU F-Gas Regulation scope.","F-Gas","R3: EU claim = eu(ref) only; frame as 517/2014 replaced by 2024/573 (11 Mar 2024)"
"/refrigerant/r-365mfc/","For foam-blowing applications the regulatory pressure has been intense — the EU F-Gas Regulation specifically targeted foam-blowing HFCs as one of the highest-emission HFC use categories.","F-Gas","R3: EU claim = eu(ref) only; frame as 517/2014 replaced by 2024/573 (11 Mar 2024)"
"/refrigerant/r-365mfc/","The EU F-Gas Regulation has targeted foam-blowing applications specifically due to the high emissions intensity (the blowing agent vapors are not contained — they're released during foam manufacturing and gradual diffusion from the foam over decades).","F-Gas","R3: EU claim = eu(ref) only; frame as 517/2014 replaced by 2024/573 (11 Mar 2024)"
"/refrigerant/r-404a/","""Ternary HFC blend (44% R-125 / 52% R-143a / 4% R-134a) — the dominant low-temperature commercial refrigerant 1995-2020, now under aggressive phase-down due to GWP 3922.""","phase-down","verify: phase-down (AIM Act allowances / Kigali)"
"/refrigerant/r-404a/","""AIM Act, 42 U.S.C.","AIM Act","review"
"/refrigerant/r-404a/","7675 — Technology Transitions rule at 40 CFR 84.54 (current through 91 FR 31329, May 26, 2026)""","Technology Transitions","verify: cite 40 CFR 84.54 (Technology Transitions) source"
"/refrigerant/r-404a/","""https://www.ecfr.gov/current/title-40/section-84.54""","84.54","verify: cite 40 CFR 84.54 (Technology Transitions) source"
"/refrigerant/r-404a/","""Technology Transitions rule, 40 CFR 84.54 (2023–2026)""","Technology Transitions","verify: cite 40 CFR 84.54 (Technology Transitions) source"
"/refrigerant/r-404a/","""EPA Significant New Alternatives Policy (SNAP) — acceptability listings by end-use""","SNAP","review"
"/refrigerant/r-404a/","""https://www.epa.gov/snap""","SNAP","review"
"/refrigerant/r-404a/","""SNAP program, ongoing""","SNAP","review"
"/refrigerant/r-404a/","""Regulation (EU) No 517/2014, since replaced by (EU) 2024/573 (applying from 11 March 2024)""","517/2014","R3: EU claim = eu(ref) only; frame as 517/2014 replaced by 2024/573 (11 Mar 2024)"
"/refrigerant/r-404a/","""https://climate.ec.europa.eu/eu-action/fluorinated-greenhouse-gases/f-gas-legislation_en""","F-Gas","review"
"/refrigerant/r-404a/","""2014, revised 2024 (517/2014, 2024 amendment)""","517/2014","R3: EU claim = eu(ref) only; frame as 517/2014 replaced by 2024/573 (11 Mar 2024)"
"/refrigerant/r-404a/","""Kigali Amendment to the Montreal Protocol (2016) — HFC phase-down framework""","phase-down","R4: Kigali only for HFC phase-down; counts from kigali block"
"/refrigerant/r-404a/","""https://ozone.unep.org/treaties/montreal-protocol/amendments/kigali-amendment-2016""","Kigali","review"
"/refrigerant/r-404a/","aggressive phase-down target","phase-down","verify: phase-down (AIM Act allowances / Kigali)"
"/refrigerant/r-404a/","Restricted in new equipment by subsector and date under the AIM Act (40 CFR 84.54);","84.54","verify: cite 40 CFR 84.54 (Technology Transitions) source"
"/refrigerant/r-404a/","It was developed in the early 1990s as the new-equipment replacement for the CFC/HCFC azeotrope R-502 in low-temperature commercial refrigeration, ahead of the Montreal Protocol CFC phase-out.","phase-out","R5: 'US production/import of CFCs ended January 1, 1996 (EPA)'"
"/refrigerant/r-404a/","The high GWP stems mostly from the high R-143a content (R-143a GWP 4470) and the high R-125 content (GWP 3500), and has made R-404A the most aggressively phased-down refrigerant under both AIM Act and EU F-Gas regulations.","F-Gas","R3: EU claim = eu(ref) only; frame as 517/2014 replaced by 2024/573 (11 Mar 2024)"
"/refrigerant/r-404a/","Under the AIM Act, R-404A (GWP 3922) exceeds every 40 CFR 84.54 limit and is restricted in new equipment subsector by subsector — for example refrigerated transport road/marine self-contained from January 1, 2025 (84.54(a)(7)/(c)(8)), automatic commercial ice makers from January 1, 2026 (84.54(a)(8)(i)), retail food remote condensing units and cold storage warehouses from July 27, 2026 (84.54(c)(11)(i)/(c)(9)(i)), and supermarket systems from January 1, 2027 (84.54(c)(12)(i)) [aimact].","84.54","verify: cite 40 CFR 84.54 (Technology Transitions) source"
"/refrigerant/r-404a/","See the US new-equipment rules (40 CFR 84.54) section on this page for the full mapped table.","84.54","verify: cite 40 CFR 84.54 (Technology Transitions) source"
"/refrigerant/r-404a/","Under Regulation (EU) No 517/2014, since replaced by (EU) 2024/573, applying from 11 March 2024, R-404A (GWP ≥2,500) was restricted in new stationary refrigeration from 1 January 2020 (Annex III row 12) and in multipack centralised systems ≥40 kW from 2022 (row 13) [eufgas].","517/2014","R3: EU claim = eu(ref) only; frame as 517/2014 replaced by 2024/573 (11 Mar 2024)"
"/refrigerant/r-404a/","Service of existing R-404A equipment remains legal under current US rules (installation is defined at 40 CFR 84.54(e)).","84.54","verify: cite 40 CFR 84.54 (Technology Transitions) source"
"/refrigerant/r-404a/","""Why is R-404A being phased out so aggressively?""","phased out","review"
"/refrigerant/r-404a/","Under Regulation (EU) No 517/2014, since replaced by (EU) 2024/573, applying from 11 March 2024, R-404A (GWP ≥2,500) was restricted in new stationary refrigeration from 1 January 2020 (Annex III row 12) [eufgas], and under the AIM Act it is restricted in new equipment subsector by subsector under 40 CFR 84.54 — see the US new-equipment rules section on this page [aimact].","517/2014","R3: EU claim = eu(ref) only; frame as 517/2014 replaced by 2024/573 (11 Mar 2024)"
"/refrigerant/r-404a/","Servicing existing equipment stays legal under current EPA rules (installation is defined at 40 CFR 84.54(e)) [aimact].","84.54","verify: cite 40 CFR 84.54 (Technology Transitions) source"
"/refrigerant/r-404a/","Under the AIM Act, new R-404A equipment is restricted subsector by subsector under 40 CFR 84.54 — for example refrigerated transport road/marine self-contained from January 1, 2025 (84.54(a)(7)/(c)(8)) and supermarket systems from January 1, 2027 (84.54(c)(12)(i));","84.54","verify: cite 40 CFR 84.54 (Technology Transitions) source"
"/refrigerant/r-404a/","AIM Act production and consumption allowances step down over time — a 70% reduction from baseline in 2029, 80% in 2034, and 85% in 2036 (equivalently 30%, 20%, and 15% of baseline;","AIM Act","R8: allowance schedule must match phasedown block (30%/20%/15%)"
"/refrigerant/r-404a/","It became the dominant low-temp HFC for ~25 years before the GWP phase-down pressure overtook it.","phase-down","verify: phase-down (AIM Act allowances / Kigali)"
"/refrigerant/r-404a/","Modern policy is now phasing R-404A down on GWP grounds, just as the original Montreal Protocol phased R-502 down on ODP grounds.","Montreal","review: Montreal (CFC/HCFC ODS context)"
"/refrigerant/r-404a/","The two problems are environmentally distinct but both led to refrigerant phase-out programs targeting the same equipment class.","phase-out","review"
"/refrigerant/r-404a/","The very high GWP made R-404A the most aggressively phased-down refrigerant under both AIM Act and EU F-Gas frameworks.","F-Gas","R3: EU claim = eu(ref) only; frame as 517/2014 replaced by 2024/573 (11 Mar 2024)"
"/refrigerant/r-404a/","Under the AIM Act, R-404A exceeds every 40 CFR 84.54 GWP limit and is restricted in new equipment subsector by subsector — from January 1, 2025 for refrigerated transport road/marine self-contained (84.54(a)(7)/(c)(8)) through January 1, 2027 for supermarket systems (84.54(c)(12)(i));","84.54","verify: cite 40 CFR 84.54 (Technology Transitions) source"
"/refrigerant/r-404a/","The phase-down represents a regulatory choice to weight climate impact above operational convenience.","phase-down","verify: phase-down (AIM Act allowances / Kigali)"
"/refrigerant/r-404a/","The same low-temp equipment chassis could accept R-502 (1980s) or R-404A (1995+) with lubricant change and filter-drier replacement — minimizing the equipment redesign burden during the Montreal Protocol transition.","Montreal","review: Montreal (CFC/HCFC ODS context)"
"/refrigerant/r-404a/","R-502 (1961, dominant 1960s-1996, retired for its CFC content — US CFC production and import ended January 1, 1996, EPA class I phaseout) → R-404A (1994, dominant 1996-2020, phased down for AIM Act and EU F-Gas GWP content) → R-448A and R-449A (2014+, retrofit replacements, A1, ~1390 GWP) → R-454C, R-455A, R-744 (new equipment, A2L or natural, sub-150 GWP).","F-Gas","R3: EU claim = eu(ref) only; frame as 517/2014 replaced by 2024/573 (11 Mar 2024)"
"/refrigerant/r-404a/","For supermarket-scale commercial refrigeration, R-744 (CO₂ transcritical) is increasingly the long-term low-GWP destination — GWP 1 (the reference value), no phase-down risk, natural refrigerant.","phase-down","verify: phase-down (AIM Act allowances / Kigali)"
"/refrigerant/r-404a/","<TechSection icon=""recycle"" tone=""amber"" title=""EU F-Gas vs AIM Act — different timing, similar destination"">","F-Gas","R3: EU claim = eu(ref) only; frame as 517/2014 replaced by 2024/573 (11 Mar 2024)"
"/refrigerant/r-404a/","EU and US regulatory schedules for R-404A phase-down differ in timing but converge on similar end-states.","phase-down","verify: phase-down (AIM Act allowances / Kigali)"
"/refrigerant/r-404a/","The EU acted first through its F-Gas Regulation;","F-Gas","R3: EU claim = eu(ref) only; frame as 517/2014 replaced by 2024/573 (11 Mar 2024)"
"/refrigerant/r-404a/","the US followed through the AIM Act Technology Transitions Rule at 40 CFR 84.54.","Technology Transitions","verify: cite 40 CFR 84.54 (Technology Transitions) source"
"/refrigerant/r-404a/","EU — Regulation (EU) No 517/2014, since replaced by (EU) 2024/573, applying from 11 March 2024 [eufgas]:","517/2014","R3: EU claim = eu(ref) only; frame as 517/2014 replaced by 2024/573 (11 Mar 2024)"
"/refrigerant/r-404a/","US — AIM Act, 40 CFR 84.54 (R-404A GWP 3922 exceeds every 84.54 limit) [aimact]:","84.54","verify: cite 40 CFR 84.54 (Technology Transitions) source"
"/refrigerant/r-404a/","- **From January 1, 2025** — refrigerated transport, road/marine self-contained (84.54(a)(7) manufacture/import, (c)(8) installation)","84.54","verify: cite 40 CFR 84.54 (Technology Transitions) source"
"/refrigerant/r-404a/","- **From January 1, 2026** — automatic commercial ice makers, GWP ≥150 (84.54(a)(8)(i));","84.54","verify: cite 40 CFR 84.54 (Technology Transitions) source"
"/refrigerant/r-404a/","remote-condenser ice machines from January 1, 2027 (84.54(c)(14))","84.54","verify: cite 40 CFR 84.54 (Technology Transitions) source"
"/refrigerant/r-404a/","- **From July 27, 2026** — refrigerated transport intermodal (84.54(a)(6)/(c)(7));","84.54","verify: cite 40 CFR 84.54 (Technology Transitions) source"
"/refrigerant/r-404a/","retail food remote condensing units (84.54(c)(11)(i));","84.54","verify: cite 40 CFR 84.54 (Technology Transitions) source"
"/refrigerant/r-404a/","cold storage warehouses (84.54(c)(9)(i))","84.54","verify: cite 40 CFR 84.54 (Technology Transitions) source"
"/refrigerant/r-404a/","- **From January 1, 2027** — retail food supermarket systems (84.54(c)(12)(i))","84.54","verify: cite 40 CFR 84.54 (Technology Transitions) source"
"/refrigerant/r-404a/","See the US new-equipment rules (40 CFR 84.54) section on this page for the full mapped table and servicing note.","84.54","verify: cite 40 CFR 84.54 (Technology Transitions) source"
"/refrigerant/r-404a/","Servicing existing R-404A equipment stays legal (installation is defined at 84.54(e)).","84.54","verify: cite 40 CFR 84.54 (Technology Transitions) source"
"/refrigerant/r-404a/","Service supply for R-404A will tighten progressively through the AIM Act production schedule — 70% reduction by 2029, 80% by 2034, 85% by 2036 [aimact].","AIM Act","review"
"/refrigerant/r-407a/","R-407A's GWP of 2107 is above the AIM Act 700 threshold for new commercial refrigeration equipment.","AIM Act","review"
"/refrigerant/r-407c/","""AIM Act, 42 U.S.C.","AIM Act","review"
"/refrigerant/r-407c/","7675 — Technology Transitions rule at 40 CFR 84.54 (current through 91 FR 31329, May 26, 2026)""","Technology Transitions","verify: cite 40 CFR 84.54 (Technology Transitions) source"
"/refrigerant/r-407c/","""https://www.ecfr.gov/current/title-40/section-84.54""","84.54","verify: cite 40 CFR 84.54 (Technology Transitions) source"
"/refrigerant/r-407c/","""Technology Transitions rule, 40 CFR 84.54 (2023–2026)""","Technology Transitions","verify: cite 40 CFR 84.54 (Technology Transitions) source"
"/refrigerant/r-407c/","""EPA SNAP — R-407C acceptable for R-22 retrofit""","SNAP","review"
"/refrigerant/r-407c/","""https://www.epa.gov/snap""","SNAP","review"
"/refrigerant/r-407c/","R-407C's GWP of 1774 places it above the AIM Act 700-GWP threshold for new residential AC equipment [aimact].","AIM Act","review"
"/refrigerant/r-407c/","""Is R-407C being phased out?""","phased out","review"
"/refrigerant/r-407c/","For new equipment, yes — R-407C's GWP 1774 is above the AIM Act 700-GWP threshold for new residential AC equipment manufactured from 2025+.","AIM Act","review"
"/refrigerant/r-407c/","Modern policy (AIM Act, EU F-Gas Regulation) targets HFC GWP and now restricts R-407C for new equipment.","F-Gas","R3: EU claim = eu(ref) only; frame as 517/2014 replaced by 2024/573 (11 Mar 2024)"
"/refrigerant/r-407c/","Through the 2020s, R-407C continues to be the dominant choice for R-22 retrofit, though new R-22 retrofits are increasingly rare — full equipment replacement to R-32 or R-454B is typically more economical given the AIM Act phase-down of HFC retrofit blends themselves.","phase-down","verify: phase-down (AIM Act allowances / Kigali)"
"/refrigerant/r-407c/","R-407C itself faces AIM Act phase-down for new equipment (GWP 1774 above 700-GWP threshold) but service of existing equipment is unrestricted.","phase-down","verify: phase-down (AIM Act allowances / Kigali)"
"/refrigerant/r-407f/","R-407F's GWP of 1825 is above the AIM Act 700 threshold for new equipment.","AIM Act","review"
"/refrigerant/r-407f/","AIM Act phase-down constraints will reduce supply over time as virgin HFC production caps reduce overall HFC consumption.""","phase-down","verify: phase-down (AIM Act allowances / Kigali)"
"/refrigerant/r-410a/","""Near-azeotropic 50/50 R-32 / R-125 blend that replaced R-22 in residential AC from 2010 through January 2025, now phased down for new equipment under the AIM Act.""","AIM Act","review"
"/refrigerant/r-410a/","""AIM Act, 42 U.S.C.","AIM Act","review"
"/refrigerant/r-410a/","7675 — Technology Transitions rule at 40 CFR 84.54 (current through 91 FR 31329, May 26, 2026)""","Technology Transitions","verify: cite 40 CFR 84.54 (Technology Transitions) source"
"/refrigerant/r-410a/","""https://www.ecfr.gov/current/title-40/section-84.54""","84.54","verify: cite 40 CFR 84.54 (Technology Transitions) source"
"/refrigerant/r-410a/","""Technology Transitions rule, 40 CFR 84.54 (2023–2026)""","Technology Transitions","verify: cite 40 CFR 84.54 (Technology Transitions) source"
"/refrigerant/r-410a/","""EPA Significant New Alternatives Policy (SNAP) — Acceptable substitutes by end-use""","SNAP","review"
"/refrigerant/r-410a/","""https://www.epa.gov/snap""","SNAP","review"
"/refrigerant/r-410a/","""Kigali Amendment to the Montreal Protocol (2016) — HFC phase-down framework""","phase-down","R4: Kigali only for HFC phase-down; counts from kigali block"
"/refrigerant/r-410a/","""https://ozone.unep.org/treaties/montreal-protocol/amendments/kigali-amendment-2016""","Kigali","review"
"/refrigerant/r-410a/","Above AIM Act 700-GWP threshold for new residential AC","AIM Act","review"
"/refrigerant/r-410a/","New residential AC manufactured or imported from Jan 1, 2025 must use a refrigerant below 700 GWP (40 CFR 84.54(a)(1))","84.54","verify: cite 40 CFR 84.54 (Technology Transitions) source"
"/refrigerant/r-410a/","The blend was commercialized in 1996 by Carrier under the trade name Puron and by Honeywell as Genetron AZ-20, then adopted across the industry as the new-equipment replacement for R-22 ahead of the Montreal Protocol HCFC phase-out.","phase-out","R5: 'US production/import of CFCs ended January 1, 1996 (EPA)'"
"/refrigerant/r-410a/","Under the AIM Act (Public Law 116-260) and its Technology Transitions rule at 40 CFR 84.54, R-410A (40 CFR 84.64 GWP 2088) is restricted in new residential and light-commercial AC and heat pumps:","Technology Transitions","verify: cite 40 CFR 84.54 (Technology Transitions) source"
"/refrigerant/r-410a/","manufacture or import from January 1, 2025 (84.54(a)(1), 700-GWP threshold), installation from January 1, 2025 (84.54(c)(1)), and variable refrigerant flow (VRF) systems from January 1, 2026 (84.54(c)(2)) [aimact].","84.54","verify: cite 40 CFR 84.54 (Technology Transitions) source"
"/refrigerant/r-410a/","See the US new-equipment rules (40 CFR 84.54) section on this page for the full mapped table.","84.54","verify: cite 40 CFR 84.54 (Technology Transitions) source"
"/refrigerant/r-410a/","new R-410A systems may still be installed where all specified components were manufactured or imported before January 1, 2025 (84.54(c)(1) note), and the rule sets no end date for installing such pre-2025 component systems.","84.54","verify: cite 40 CFR 84.54 (Technology Transitions) source"
"/refrigerant/r-410a/","Servicing existing R-410A equipment stays legal (40 CFR 84.54(e)) — technicians can charge, repair, and recover R-410A from the installed base for as long as the equipment runs.","84.54","verify: cite 40 CFR 84.54 (Technology Transitions) source"
"/refrigerant/r-410a/","Separately, the AIM Act phases down total US HFC production and consumption:","AIM Act","review"
"/refrigerant/r-410a/","The EPA uses this figure to assign R-410A above the AIM Act's 700-GWP threshold for new residential AC equipment.","AIM Act","review"
"/refrigerant/r-410a/","""When will R-410A be phased out completely?""","phased out","review"
"/refrigerant/r-410a/","New residential AC equipment using R-410A has not been manufactured or imported since January 1, 2025 (40 CFR 84.54(a)(1), 700-GWP threshold) [aimact].","84.54","verify: cite 40 CFR 84.54 (Technology Transitions) source"
"/refrigerant/r-410a/","R-410A itself stays legal to service existing equipment (40 CFR 84.54(e)).","84.54","verify: cite 40 CFR 84.54 (Technology Transitions) source"
"/refrigerant/r-410a/","Under the HFC phase-down, production and consumption allowances step down to 30% of baseline in 2029-2033, 20% in 2034-2035, and 15% of baseline in 2036 and after (42 U.S.C.","phase-down","R8: allowance schedule must match phasedown block (30%/20%/15%)"
"/refrigerant/r-410a/","For new residential AC, R-410A manufacture and import ended January 1, 2025 (40 CFR 84.54(a)(1), 700-GWP threshold);","84.54","verify: cite 40 CFR 84.54 (Technology Transitions) source"
"/refrigerant/r-410a/","Existing R-410A systems remain serviceable with reclaimed R-410A (40 CFR 84.54(e)).","84.54","verify: cite 40 CFR 84.54 (Technology Transitions) source"
"/refrigerant/r-410a/","<KeyInsight tone=""amber"" icon=""climate"" title=""The engineering trade-off behind the phase-down"">","phase-down","verify: phase-down (AIM Act allowances / Kigali)"
"/refrigerant/r-410a/","This is the engineering reason R-32 became the post-R-410A refrigerant of choice once the AIM Act's 700-GWP threshold made R-410A non-viable for new equipment.","AIM Act","review"
"/refrigerant/r-410a/","The ozone-depletion problem drove the Montreal Protocol phase-out of chlorine-bearing refrigerants like the HCFC R-22 (ODP 0.055) and the CFC R-12 (ODP 1.0);","phase-out","R5: 'US production/import of CFCs ended January 1, 1996 (EPA)'"
"/refrigerant/r-410a/","The R-410A GWP value of 2088 is the EPA regulatory figure — the AR4-basis / 40 CFR 84.64 exchange value the EPA uses for AIM Act determinations, including the 700-GWP threshold for residential AC equipment [ipccar5].","AIM Act","review"
"/refrigerant/r-410a/","For US regulatory work, cite the 2088 exchange value — that's what EPA and AIM Act allocations use.","AIM Act","review"
"/refrigerant/r-410a/","<TechSection icon=""recycle"" tone=""amber"" title=""AIM Act timeline — what happens through 2036"">","AIM Act","review"
"/refrigerant/r-410a/","The AIM Act Technology Transitions rule restricts new residential and light-commercial AC and heat pumps to refrigerants below 700 GWP — manufacture and import of higher-GWP refrigerants like R-410A ended January 1, 2025 (40 CFR 84.54(a)(1)), with variable refrigerant flow (VRF) systems following January 1, 2026 (84.54(c)(2)) [aimact].","Technology Transitions","verify: cite 40 CFR 84.54 (Technology Transitions) source"
"/refrigerant/r-410a/","Separately, the AIM Act phases down total US HFC production and consumption against the 2011-2013 baseline.","AIM Act","review"
"/refrigerant/r-410a/","The service supply will adjust to a reclaimed-refrigerant economy as virgin production tightens through the AIM Act baselines.","AIM Act","review"
"/refrigerant/r-417a/","R-417A's GWP of 2346 places it above the AIM Act 700 threshold for new equipment.","AIM Act","review"
"/refrigerant/r-417a/","AIM Act phase-down constraints reduce supply over time.","phase-down","verify: phase-down (AIM Act allowances / Kigali)"
"/refrigerant/r-417a/","R-22 GWP is 1810 — R-417A is actually slightly higher GWP than the R-22 it replaces, which is part of the AIM Act's structural challenge with retrofit blends.","AIM Act","review"
"/refrigerant/r-421a/","R-421A's GWP of 2631 is above the AIM Act 700 threshold for new equipment.","AIM Act","review"
"/refrigerant/r-422a/","R-502 was the dominant low-temperature commercial refrigeration refrigerant from the 1960s through the 1990s — an azeotropic R-22/R-115 blend that was banned for production in 1996 (the R-115 component is a CFC).","banned","R5: 'US production/import of CFCs ended January 1, 1996 (EPA)'"
"/refrigerant/r-422a/","R-422A's GWP of 3143 is far above the AIM Act 700 threshold.","AIM Act","review"
"/refrigerant/r-422a/","Most R-502 equipment has now been replaced through equipment-replacement cycles since the 1996 ban.","ban","R5: 'US production/import of CFCs ended January 1, 1996 (EPA)'"
"/refrigerant/r-422a/","""Why was R-502 originally banned?""","banned","R5: 'US production/import of CFCs ended January 1, 1996 (EPA)'"
"/refrigerant/r-422a/","R-115 is a chlorofluorocarbon (CFC) with ODP 0.6 and GWP 7370 — production was banned in the US in 1996 under the Montreal Protocol CFC phase-out.","banned","R5: 'US production/import of CFCs ended January 1, 1996 (EPA)'"
"/refrigerant/r-422a/","R-22 alone has lower capacity at low-temperature setpoints than R-502 had, which is why R-502 was developed in the first place — and which made R-502 retrofit a service-engineering challenge when the ban took effect.""","ban","R5: 'US production/import of CFCs ended January 1, 1996 (EPA)'"
"/refrigerant/r-422a/","""For most remaining R-502 equipment by this point in the phase-out timeline, full equipment replacement is the better choice.","phase-out","R5: 'US production/import of CFCs ended January 1, 1996 (EPA)'"
"/refrigerant/r-422b/","R-422B is affected by the AIM Act HFC phase-down — its GWP of 2526 is well above the 700-GWP threshold for HVAC equipment.","phase-down","verify: phase-down (AIM Act allowances / Kigali)"
"/refrigerant/r-422b/","Modern R-22 retrofit guidance increasingly favors full system replacement with R-32 (A2L, GWP 675) or R-454B (A2L, GWP 465) rather than HFC drop-in retrofit, because the new equipment is more efficient and the HFC retrofits face their own AIM Act phase-down.","phase-down","verify: phase-down (AIM Act allowances / Kigali)"
"/refrigerant/r-422b/","(3) future-proofing — R-422B faces its own AIM Act phase-down, so retrofit buys time but not permanently;","phase-down","verify: phase-down (AIM Act allowances / Kigali)"
"/refrigerant/r-422b/","This is well above the AIM Act 700-GWP threshold for new equipment but adequate-to-better than R-22's GWP 1810 (though R-22 has ODP, which R-422B does not — different concerns).","AIM Act","review"
"/refrigerant/r-422d/","""AIM Act, 42 U.S.C.","AIM Act","review"
"/refrigerant/r-422d/","7675 — Technology Transitions rule at 40 CFR 84.54 (current through 91 FR 31329, May 26, 2026)""","Technology Transitions","verify: cite 40 CFR 84.54 (Technology Transitions) source"
"/refrigerant/r-422d/","""https://www.ecfr.gov/current/title-40/section-84.54""","84.54","verify: cite 40 CFR 84.54 (Technology Transitions) source"
"/refrigerant/r-422d/","""Technology Transitions rule, 40 CFR 84.54 (2023–2026)""","Technology Transitions","verify: cite 40 CFR 84.54 (Technology Transitions) source"
"/refrigerant/r-422d/","""EPA SNAP — R-422D acceptable for R-22 retrofit""","SNAP","review"
"/refrigerant/r-422d/","""https://www.epa.gov/snap""","SNAP","review"
"/refrigerant/r-422d/","HFC retrofit faces own AIM Act phase-down","phase-down","verify: phase-down (AIM Act allowances / Kigali)"
"/refrigerant/r-422d/","R-422D faces AIM Act phase-down pressure due to its high GWP (2729) [aimact].","phase-down","verify: phase-down (AIM Act allowances / Kigali)"
"/refrigerant/r-422d/","Pricing trends parallel other high-GWP HFC blends through the AIM Act production schedule.","AIM Act","review"
"/refrigerant/r-422d/","<TechSection icon=""globe"" tone=""amber"" title=""GWP 2729 — higher than R-22, faces own phase-down pressure"">","phase-down","verify: phase-down (AIM Act allowances / Kigali)"
"/refrigerant/r-422d/","Under modern climate policy (AIM Act, EU F-Gas Regulation), R-422D faces phase-down pressure for new equipment specification.","F-Gas","R3: EU claim = eu(ref) only; frame as 517/2014 replaced by 2024/573 (11 Mar 2024)"
"/refrigerant/r-422d/","- R-422D's GWP (2729) faces AIM Act phase-down for new equipment","phase-down","verify: phase-down (AIM Act allowances / Kigali)"
"/refrigerant/r-427a/","R-427A's GWP of 2138 is above the AIM Act 700 threshold for new equipment.","AIM Act","review"
"/refrigerant/r-427a/","This is the lowest among the mineral-oil-compatible R-22 retrofit blends, though still above the AIM Act 700 threshold for new equipment.""","AIM Act","review"
"/refrigerant/r-438a/","""AIM Act, 42 U.S.C.","AIM Act","review"
"/refrigerant/r-438a/","7675 — Technology Transitions rule at 40 CFR 84.54 (current through 91 FR 31329, May 26, 2026)""","Technology Transitions","verify: cite 40 CFR 84.54 (Technology Transitions) source"
"/refrigerant/r-438a/","""https://www.ecfr.gov/current/title-40/section-84.54""","84.54","verify: cite 40 CFR 84.54 (Technology Transitions) source"
"/refrigerant/r-438a/","""Technology Transitions rule, 40 CFR 84.54 (2023–2026)""","Technology Transitions","verify: cite 40 CFR 84.54 (Technology Transitions) source"
"/refrigerant/r-438a/","""EPA SNAP — R-438A acceptable for R-22 retrofit""","SNAP","review"
"/refrigerant/r-438a/","""https://www.epa.gov/snap""","SNAP","review"
"/refrigerant/r-438a/","R-438A faces AIM Act phase-down pressure due to its high GWP (2265) [aimact].","phase-down","verify: phase-down (AIM Act allowances / Kigali)"
"/refrigerant/r-438a/","R-438A faces AIM Act phase-down pressure for new equipment but remains acceptable for R-22 retrofit service.","phase-down","verify: phase-down (AIM Act allowances / Kigali)"
"/refrigerant/r-438a/","Both R-438A and R-422D face AIM Act phase-down pressure for new equipment specification.","phase-down","verify: phase-down (AIM Act allowances / Kigali)"
"/refrigerant/r-438a/","pricing trends parallel other high-GWP HFC blends through the AIM Act schedule.","AIM Act","review"
"/refrigerant/r-448a/","""AIM Act, 42 U.S.C.","AIM Act","review"
"/refrigerant/r-448a/","7675 — Technology Transitions rule at 40 CFR 84.54 (current through 91 FR 31329, May 26, 2026)""","Technology Transitions","verify: cite 40 CFR 84.54 (Technology Transitions) source"
"/refrigerant/r-448a/","""https://www.ecfr.gov/current/title-40/section-84.54""","84.54","verify: cite 40 CFR 84.54 (Technology Transitions) source"
"/refrigerant/r-448a/","""Technology Transitions rule, 40 CFR 84.54 (2023–2026)""","Technology Transitions","verify: cite 40 CFR 84.54 (Technology Transitions) source"
"/refrigerant/r-448a/","""Regulation (EU) No 517/2014, since replaced by (EU) 2024/573 (applying from 11 March 2024)""","517/2014","R3: EU claim = eu(ref) only; frame as 517/2014 replaced by 2024/573 (11 Mar 2024)"
"/refrigerant/r-448a/","""https://climate.ec.europa.eu/eu-action/fluorinated-greenhouse-gases/f-gas-legislation_en""","F-Gas","review"
"/refrigerant/r-448a/","""EPA SNAP — R-448A acceptable for commercial refrigeration retrofit and new equipment""","SNAP","review"
"/refrigerant/r-448a/","""https://www.epa.gov/snap""","SNAP","review"
"/refrigerant/r-448a/","The result is GWP 1386 — a ~65% reduction from R-404A while preserving the A1 safety class that lets existing R-404A equipment accept R-448A without equipment-level redesign [snap].","SNAP","review"
"/refrigerant/r-448a/","R-448A is a regulated HFC blend under the AIM Act (42 U.S.C.","AIM Act","review"
"/refrigerant/r-448a/","Under the Technology Transitions rule (40 CFR 84.54), new cold storage warehouses are restricted from July 27, 2026 under 84.54(c)(9)(i) (GWP ≥700;","Technology Transitions","verify: cite 40 CFR 84.54 (Technology Transitions) source"
"/refrigerant/r-448a/","Because 1386 is below 1,400, the 2026/2027 remote-condensing 84.54(c)(11)(i) and supermarket 84.54(c)(12)(i) 1,400-GWP limits do not catch it.","84.54","verify: cite 40 CFR 84.54 (Technology Transitions) source"
"/refrigerant/r-448a/","R-448A therefore remains installable in new remote condensing units and new supermarket systems until January 1, 2032, when the tiered limits at 84.54(c)(11)(ii) and 84.54(c)(12)(ii) apply (GWP ≥150 for ≥200 lb charge, ≥300 for <200 lb) [aimact].","84.54","verify: cite 40 CFR 84.54 (Technology Transitions) source"
"/refrigerant/r-448a/","Servicing existing equipment stays legal (84.54(e));","84.54","verify: cite 40 CFR 84.54 (Technology Transitions) source"
"/refrigerant/r-448a/","see the US new-equipment rules (40 CFR 84.54) section on this page.","84.54","verify: cite 40 CFR 84.54 (Technology Transitions) source"
"/refrigerant/r-448a/","AIM Act production and consumption allowances step down to 30% of baseline in 2029-2033, 20% in 2034-2035, and 15% of baseline in 2036 and after (42 U.S.C.","AIM Act","R8: allowance schedule must match phasedown block (30%/20%/15%)"
"/refrigerant/r-448a/","In the EU, under Regulation (EU) No 517/2014, since replaced by (EU) 2024/573, applying from 11 March 2024, R-448A (GWP 1386) falls under row 11 (GWP ≥150 from 2022) and row 13 (multipack systems ≥40 kW with GWP ≥150 from 2022);","517/2014","R3: EU claim = eu(ref) only; frame as 517/2014 replaced by 2024/573 (11 Mar 2024)"
"/refrigerant/r-448a/","The 1386 GWP sits above the 150-GWP limit in rows 11 and 13 of Regulation (EU) No 517/2014, since replaced by (EU) 2024/573, applying from 11 March 2024, though it does not meet the ≥2,500 GWP rows [eufgas].","517/2014","R3: EU claim = eu(ref) only; frame as 517/2014 replaced by 2024/573 (11 Mar 2024)"
"/refrigerant/r-448a/","The 1386 GWP is above the 150-GWP limit in rows 11 and 13 of Regulation (EU) No 517/2014, since replaced by (EU) 2024/573, applying from 11 March 2024, though it does not meet the ≥2,500 GWP rows [eufgas].","517/2014","R3: EU claim = eu(ref) only; frame as 517/2014 replaced by 2024/573 (11 Mar 2024)"
"/refrigerant/r-448a/","Under 40 CFR 84.54 (see the US new-equipment rules section on this page) and Regulation (EU) No 517/2014, since replaced by (EU) 2024/573, applying from 11 March 2024, the new-equipment market shifts to A2L (R-454C, R-455A at 146 GWP) or R-744 transcritical (GWP 1).","517/2014","R3: EU claim = eu(ref) only; frame as 517/2014 replaced by 2024/573 (11 Mar 2024)"
"/refrigerant/r-449a/","""AIM Act, 42 U.S.C.","AIM Act","review"
"/refrigerant/r-449a/","7675 — Technology Transitions rule at 40 CFR 84.54 (current through 91 FR 31329, May 26, 2026)""","Technology Transitions","verify: cite 40 CFR 84.54 (Technology Transitions) source"
"/refrigerant/r-449a/","""https://www.ecfr.gov/current/title-40/section-84.54""","84.54","verify: cite 40 CFR 84.54 (Technology Transitions) source"
"/refrigerant/r-449a/","""Technology Transitions rule, 40 CFR 84.54 (2023–2026)""","Technology Transitions","verify: cite 40 CFR 84.54 (Technology Transitions) source"
"/refrigerant/r-449a/","""Regulation (EU) No 517/2014, since replaced by (EU) 2024/573 (applying from 11 March 2024)""","517/2014","R3: EU claim = eu(ref) only; frame as 517/2014 replaced by 2024/573 (11 Mar 2024)"
"/refrigerant/r-449a/","""https://climate.ec.europa.eu/eu-action/fluorinated-greenhouse-gases/f-gas-legislation_en""","F-Gas","review"
"/refrigerant/r-449a/","""EPA SNAP — Significant New Alternatives Policy program""","SNAP","review"
"/refrigerant/r-449a/","""https://www.epa.gov/snap""","SNAP","review"
"/refrigerant/r-449a/","R-449A is a regulated HFC under the AIM Act [aimact].","AIM Act","review"
"/refrigerant/r-449a/","Its GWP of 1396 (40 CFR 84.64) sits below the 1,400-GWP limits for remote condensing units and supermarket systems, so R-449A stays installable in new remote condensing units and supermarket systems until January 1, 2032, when the tiered limits at 40 CFR 84.54(c)(11)(ii) and (c)(12)(ii) take effect.","84.54","verify: cite 40 CFR 84.54 (Technology Transitions) source"
"/refrigerant/r-449a/","New cold storage warehouses are restricted earlier, from July 27, 2026, under 40 CFR 84.54(c)(9)(i) (GWP ≥700).","84.54","verify: cite 40 CFR 84.54 (Technology Transitions) source"
"/refrigerant/r-449a/","See the US new-equipment rules (40 CFR 84.54) section on this page for the full mapped table;","84.54","verify: cite 40 CFR 84.54 (Technology Transitions) source"
"/refrigerant/r-449a/","servicing existing equipment stays legal under 40 CFR 84.54(e).","84.54","verify: cite 40 CFR 84.54 (Technology Transitions) source"
"/refrigerant/r-449a/","In the EU, Regulation (EU) No 517/2014, since replaced by (EU) 2024/573 applying from 11 March 2024, restricts high-GWP equipment on the market:","517/2014","R3: EU claim = eu(ref) only; frame as 517/2014 replaced by 2024/573 (11 Mar 2024)"
"/refrigerant/r-449a/","The reduction is significant but does not clear the 150-GWP threshold that Regulation (EU) No 517/2014, since replaced by (EU) 2024/573 applying from 11 March 2024, applies to commercial refrigerators and freezers (row 11) and to multipack centralised systems of 40 kW or more (row 13) from 2022 [eufgas].","517/2014","R3: EU claim = eu(ref) only; frame as 517/2014 replaced by 2024/573 (11 Mar 2024)"
"/refrigerant/r-449a/","Under the AIM Act its GWP of 1396 falls below the 1,400-GWP limits for remote condensing units and supermarket systems, so it stays installable in new remote condensing units and supermarket systems until January 1, 2032, when 40 CFR 84.54(c)(11)(ii) and (c)(12)(ii) take effect;","84.54","verify: cite 40 CFR 84.54 (Technology Transitions) source"
"/refrigerant/r-449a/","new cold storage warehouses are restricted from July 27, 2026 under 40 CFR 84.54(c)(9)(i) (GWP ≥700) [aimact].","84.54","verify: cite 40 CFR 84.54 (Technology Transitions) source"
"/refrigerant/r-449a/","In the EU, Regulation (EU) No 517/2014, since replaced by (EU) 2024/573 applying from 11 March 2024, restricts R-449A above the 150-GWP threshold (row 11 from 2022;","517/2014","R3: EU claim = eu(ref) only; frame as 517/2014 replaced by 2024/573 (11 Mar 2024)"
"/refrigerant/r-449a/","See the US new-equipment rules (40 CFR 84.54) section on this page.","84.54","verify: cite 40 CFR 84.54 (Technology Transitions) source"
"/refrigerant/r-450a/","""AIM Act, 42 U.S.C.","AIM Act","review"
"/refrigerant/r-450a/","7675 — Technology Transitions rule at 40 CFR 84.54 (current through 91 FR 31329, May 26, 2026)""","Technology Transitions","verify: cite 40 CFR 84.54 (Technology Transitions) source"
"/refrigerant/r-450a/","""https://www.ecfr.gov/current/title-40/section-84.54""","84.54","verify: cite 40 CFR 84.54 (Technology Transitions) source"
"/refrigerant/r-450a/","""Technology Transitions rule, 40 CFR 84.54 (2023–2026)""","Technology Transitions","verify: cite 40 CFR 84.54 (Technology Transitions) source"
"/refrigerant/r-450a/","""Regulation (EU) No 517/2014, since replaced by (EU) 2024/573 (applying from 11 March 2024)""","517/2014","R3: EU claim = eu(ref) only; frame as 517/2014 replaced by 2024/573 (11 Mar 2024)"
"/refrigerant/r-450a/","""https://climate.ec.europa.eu/eu-action/fluorinated-greenhouse-gases/f-gas-legislation_en""","F-Gas","review"
"/refrigerant/r-450a/","""EPA SNAP — R-450A acceptable for chiller retrofit""","SNAP","review"
"/refrigerant/r-450a/","""https://www.epa.gov/snap""","SNAP","review"
"/refrigerant/r-450a/","R-450A's GWP of 601 is below the AIM Act 700-GWP threshold for residential AC.","AIM Act","review"
"/refrigerant/r-450a/","The GWP reduction is marginally better than R-513A but operationally insignificant for regulatory compliance — both clear AIM Act 700-GWP threshold and face similar EU F-Gas Regulation positioning.","F-Gas","R3: EU claim = eu(ref) only; frame as 517/2014 replaced by 2024/573 (11 Mar 2024)"
"/refrigerant/r-452a/","R-452A's GWP of 2140 is meaningfully lower than R-404A (3922) but still above the EU F-Gas 150 threshold and the AIM Act 700 new-equipment threshold for most stationary applications.","F-Gas","R3: EU claim = eu(ref) only; frame as 517/2014 replaced by 2024/573 (11 Mar 2024)"
"/refrigerant/r-452a/","""Is R-452A AIM Act compliant?""","AIM Act","review"
"/refrigerant/r-452a/","""For transport refrigeration the AIM Act technology transition rules have different effective dates and GWP thresholds than for stationary AC.","AIM Act","review"
"/refrigerant/r-452a/","Verify the specific equipment category and effective date in the latest AIM Act SNAP rule.""","SNAP","review"
"/refrigerant/r-452b/","The result is an A2L mildly-flammable blend with GWP 698 — just barely below the AIM Act 700 threshold for new residential AC equipment.","AIM Act","review"
"/refrigerant/r-452b/","R-452B's GWP of 698 sits just below the AIM Act 700 threshold for new residential AC equipment — compliant by a narrow margin.","AIM Act","review"
"/refrigerant/r-452b/","""Is R-452B AIM Act compliant?""","AIM Act","review"
"/refrigerant/r-452b/","R-452B's GWP of 698 falls below the AIM Act 700 threshold for new residential AC equipment.","AIM Act","review"
"/refrigerant/r-454b/","""Near-azeotropic A2L blend of 68.9% R-32 and 31.1% R-1234yf — Carrier's preferred R-410A replacement (marketed as Puron Advance) under the AIM Act 700-GWP threshold.""","AIM Act","review"
"/refrigerant/r-454b/","""AIM Act, 42 U.S.C.","AIM Act","review"
"/refrigerant/r-454b/","7675 — Technology Transitions rule at 40 CFR 84.54 (current through 91 FR 31329, May 26, 2026)""","Technology Transitions","verify: cite 40 CFR 84.54 (Technology Transitions) source"
"/refrigerant/r-454b/","""https://www.ecfr.gov/current/title-40/section-84.54""","84.54","verify: cite 40 CFR 84.54 (Technology Transitions) source"
"/refrigerant/r-454b/","""Technology Transitions rule, 40 CFR 84.54 (2023–2026)""","Technology Transitions","verify: cite 40 CFR 84.54 (Technology Transitions) source"
"/refrigerant/r-454b/","""EPA Significant New Alternatives Policy (SNAP) — R-454B acceptable for residential AC""","SNAP","review"
"/refrigerant/r-454b/","""https://www.epa.gov/snap""","SNAP","review"
"/refrigerant/r-454b/","Below AIM Act 700-GWP threshold;","AIM Act","review"
"/refrigerant/r-454b/","the R-1234yf component pulls the blend's overall GWP down to 465 — well below the AIM Act 700-GWP threshold for new residential AC equipment.","AIM Act","review"
"/refrigerant/r-454b/","The 465 GWP gives it more regulatory headroom than R-32 — useful as EU F-Gas regulations tighten threshold tiers beyond the current 750-GWP chiller cap.","F-Gas","R3: EU claim = eu(ref) only; frame as 517/2014 replaced by 2024/573 (11 Mar 2024)"
"/refrigerant/r-454b/","The AIM Act permits R-454B for new residential AC equipment under the 700-GWP technology transition threshold effective 1 January 2025 [aimact].","AIM Act","review"
"/refrigerant/r-454b/","SNAP-listed acceptable for residential AC, light commercial AC, and heat pumps [snap].","SNAP","review"
"/refrigerant/r-454b/","The figure places R-454B well below the AIM Act 700-GWP threshold for residential AC and approximately 31% below R-32 (675).","AIM Act","review"
"/refrigerant/r-454b/","""Puron Advance"" extends the brand to the AIM Act-compliant R-454B replacement.","AIM Act","review"
"/refrigerant/r-454b/","<TechSection icon=""climate"" tone=""emerald"" title=""GWP 465 — best AIM Act margin among mainstream residential refrigerants"">","AIM Act","review"
"/refrigerant/r-454b/","pure R-32 at 675, R-452B (R-32/R-1234yf 67/33 with R-125) at 698, R-466A at 733 (which exceeds AIM Act).","AIM Act","review"
"/refrigerant/r-454b/","The 235-point margin below the AIM Act 700 threshold gives R-454B substantial regulatory headroom as future threshold tiers may tighten.","AIM Act","review"
"/refrigerant/r-454b/","EU F-Gas Regulation revisions through 2030 may tighten threshold tiers in some segments.","F-Gas","R3: EU claim = eu(ref) only; frame as 517/2014 replaced by 2024/573 (11 Mar 2024)"
"/refrigerant/r-454b/","The Montreal Protocol HCFC and CFC phase-outs targeted those refrigerants for their chlorine-driven ozone depletion.","phase-out","R5: 'US production/import of CFCs ended January 1, 1996 (EPA)'"
"/refrigerant/r-454b/","Modern refrigerant policy has shifted from ozone-depletion concerns (largely solved by the Montreal Protocol) to climate concerns (AIM Act, EU F-Gas Regulation, Kigali Amendment).","F-Gas","R3: EU claim = eu(ref) only; frame as 517/2014 replaced by 2024/573 (11 Mar 2024)"
"/refrigerant/r-454b/","both clear the AIM Act 700-GWP threshold;","AIM Act","review"
"/refrigerant/r-454b/","As future EU F-Gas thresholds may tighten beyond the current 750-GWP chiller cap and AIM Act may add new technology transitions, R-454B's lower baseline gives the chemistry a longer regulatory runway than pure R-32.","F-Gas","R3: EU claim = eu(ref) only; frame as 517/2014 replaced by 2024/573 (11 Mar 2024)"
"/refrigerant/r-454b/","EU F-Gas Regulation revisions in 2024 already target tighter thresholds in some segments through 2030.","F-Gas","R3: EU claim = eu(ref) only; frame as 517/2014 replaced by 2024/573 (11 Mar 2024)"
"/refrigerant/r-454c/","Low-GWP commercial refrigeration replacement for R-404A in new equipment under AIM Act and EU F-Gas.""","F-Gas","R3: EU claim = eu(ref) only; frame as 517/2014 replaced by 2024/573 (11 Mar 2024)"
"/refrigerant/r-454c/","""AIM Act, 42 U.S.C.","AIM Act","review"
"/refrigerant/r-454c/","7675 — Technology Transitions rule at 40 CFR 84.54 (current through 91 FR 31329, May 26, 2026)""","Technology Transitions","verify: cite 40 CFR 84.54 (Technology Transitions) source"
"/refrigerant/r-454c/","""https://www.ecfr.gov/current/title-40/section-84.54""","84.54","verify: cite 40 CFR 84.54 (Technology Transitions) source"
"/refrigerant/r-454c/","""Technology Transitions rule, 40 CFR 84.54 (2023–2026)""","Technology Transitions","verify: cite 40 CFR 84.54 (Technology Transitions) source"
"/refrigerant/r-454c/","""Regulation (EU) No 517/2014, since replaced by (EU) 2024/573 (applying from 11 March 2024)""","517/2014","R3: EU claim = eu(ref) only; frame as 517/2014 replaced by 2024/573 (11 Mar 2024)"
"/refrigerant/r-454c/","""https://climate.ec.europa.eu/eu-action/fluorinated-greenhouse-gases/f-gas-legislation_en""","F-Gas","review"
"/refrigerant/r-454c/","""EPA Significant New Alternatives Policy (SNAP) — R-454C acceptable for commercial refrigeration""","SNAP","review"
"/refrigerant/r-454c/","""https://www.epa.gov/snap""","SNAP","review"
"/refrigerant/r-454c/","Below EU F-Gas 150-GWP threshold for some commercial refrigeration categories","F-Gas","R3: EU claim = eu(ref) only; frame as 517/2014 replaced by 2024/573 (11 Mar 2024)"
"/refrigerant/r-454c/","The high R-1234yf content (GWP 1) pulls the blend's overall GWP down to 146 — below the EU F-Gas 150-GWP threshold for some commercial refrigeration categories and well below the AIM Act 700-GWP threshold.","F-Gas","R3: EU claim = eu(ref) only; frame as 517/2014 replaced by 2024/573 (11 Mar 2024)"
"/refrigerant/r-454c/","- ""R-404A replacement in new equipment installations under EU F-Gas 150-GWP cap""","F-Gas","R3: EU claim = eu(ref) only; frame as 517/2014 replaced by 2024/573 (11 Mar 2024)"
"/refrigerant/r-454c/","R-454C is one of the dominant low-GWP A2L blends for new commercial refrigeration equipment under AIM Act and EU F-Gas Regulation.","F-Gas","R3: EU claim = eu(ref) only; frame as 517/2014 replaced by 2024/573 (11 Mar 2024)"
"/refrigerant/r-454c/","GWP 146 sits below the EU F-Gas 150-GWP threshold for several commercial refrigeration categories and provides comfortable headroom under the AIM Act 700-GWP threshold [eufgas][aimact].","F-Gas","R3: EU claim = eu(ref) only; frame as 517/2014 replaced by 2024/573 (11 Mar 2024)"
"/refrigerant/r-454c/","The 146 figure sits below the EU F-Gas 150-GWP threshold for several commercial refrigeration categories and well below the AIM Act 700-GWP threshold for residential AC.","F-Gas","R3: EU claim = eu(ref) only; frame as 517/2014 replaced by 2024/573 (11 Mar 2024)"
"/refrigerant/r-454c/","For new equipment specification under EU F-Gas 150-GWP threshold or AIM Act, R-454C and R-455A are the dominant A2L choices.","F-Gas","R3: EU claim = eu(ref) only; frame as 517/2014 replaced by 2024/573 (11 Mar 2024)"
"/refrigerant/r-454c/","The 146 figure was engineered specifically to sit below the EU F-Gas 150-GWP threshold for several commercial refrigeration categories.","F-Gas","R3: EU claim = eu(ref) only; frame as 517/2014 replaced by 2024/573 (11 Mar 2024)"
"/refrigerant/r-454c/","<TechSection icon=""globe"" tone=""emerald"" title=""GWP 146 — below EU F-Gas 150 threshold, well below AIM Act 700"">","F-Gas","R3: EU claim = eu(ref) only; frame as 517/2014 replaced by 2024/573 (11 Mar 2024)"
"/refrigerant/r-454c/","R-454C's GWP of 146 was engineered to fit just below the EU F-Gas Regulation 150-GWP threshold for several commercial refrigeration categories [eufgas].","F-Gas","R3: EU claim = eu(ref) only; frame as 517/2014 replaced by 2024/573 (11 Mar 2024)"
"/refrigerant/r-454c/","Under the AIM Act, R-454C clears the 700-GWP threshold for residential AC (R-454C isn't widely used in residential AC anyway) and is below the higher thresholds applied to most commercial refrigeration categories [aimact].","AIM Act","review"
"/refrigerant/r-454c/","<TechSection icon=""recycle"" tone=""amber"" title=""R-454C in the commercial refrigeration phase-down trajectory"">","phase-down","verify: phase-down (AIM Act allowances / Kigali)"
"/refrigerant/r-454c/","R-502 (CFC azeotrope, banned 1996) → R-404A (HFC blend, dominant 1995-2020, A1, GWP 3922, AIM Act phase-down 2024-2025) → R-448A/R-449A (A1 HFC retrofit, GWP ~1390) → R-454C/R-455A (A2L, GWP 146) → R-744 (CO₂, GWP 1, supermarket-scale).","banned","R5: 'US production/import of CFCs ended January 1, 1996 (EPA)'"
"/refrigerant/r-454c/","Market adoption is faster in EU (where F-Gas 150-GWP thresholds drive aggressive new-equipment requirements) than US (where AIM Act provisions are more gradual).","F-Gas","R3: EU claim = eu(ref) only; frame as 517/2014 replaced by 2024/573 (11 Mar 2024)"
"/refrigerant/r-454c/","R-454C is the dominant low-GWP A2L choice for new commercial refrigeration equipment in the AIM Act and EU F-Gas regulatory environment.","F-Gas","R3: EU claim = eu(ref) only; frame as 517/2014 replaced by 2024/573 (11 Mar 2024)"
"/refrigerant/r-455a/","""AIM Act, 42 U.S.C.","AIM Act","review"
"/refrigerant/r-455a/","7675 — Technology Transitions rule at 40 CFR 84.54 (current through 91 FR 31329, May 26, 2026)""","Technology Transitions","verify: cite 40 CFR 84.54 (Technology Transitions) source"
"/refrigerant/r-455a/","""https://www.ecfr.gov/current/title-40/section-84.54""","84.54","verify: cite 40 CFR 84.54 (Technology Transitions) source"
"/refrigerant/r-455a/","""Technology Transitions rule, 40 CFR 84.54 (2023–2026)""","Technology Transitions","verify: cite 40 CFR 84.54 (Technology Transitions) source"
"/refrigerant/r-455a/","""Regulation (EU) No 517/2014, since replaced by (EU) 2024/573 (applying from 11 March 2024)""","517/2014","R3: EU claim = eu(ref) only; frame as 517/2014 replaced by 2024/573 (11 Mar 2024)"
"/refrigerant/r-455a/","""https://climate.ec.europa.eu/eu-action/fluorinated-greenhouse-gases/f-gas-legislation_en""","F-Gas","review"
"/refrigerant/r-455a/","""EPA Significant New Alternatives Policy (SNAP) — R-455A acceptable for commercial refrigeration""","SNAP","review"
"/refrigerant/r-455a/","""https://www.epa.gov/snap""","SNAP","review"
"/refrigerant/r-455a/","Below EU F-Gas 150-GWP threshold;","F-Gas","R3: EU claim = eu(ref) only; frame as 517/2014 replaced by 2024/573 (11 Mar 2024)"
"/refrigerant/r-455a/","R-455A is one of the dominant low-GWP A2L blends for new commercial refrigeration equipment under AIM Act and EU F-Gas Regulation [aimact][eufgas].","F-Gas","R3: EU claim = eu(ref) only; frame as 517/2014 replaced by 2024/573 (11 Mar 2024)"
"/refrigerant/r-455a/","GWP 146 sits below the EU F-Gas 150-GWP threshold and provides comfortable headroom under AIM Act commercial refrigeration thresholds.","F-Gas","R3: EU claim = eu(ref) only; frame as 517/2014 replaced by 2024/573 (11 Mar 2024)"
"/refrigerant/r-455a/","R-455A's GWP 146 matches R-454C's exactly — both blends are engineered to the same EU F-Gas 150-GWP threshold for several commercial refrigeration categories [eufgas].","F-Gas","R3: EU claim = eu(ref) only; frame as 517/2014 replaced by 2024/573 (11 Mar 2024)"
"/refrigerant/r-455a/","For practical regulatory compliance, R-454C and R-455A are interchangeable — both clear EU F-Gas thresholds and AIM Act provisions for new commercial refrigeration equipment.","F-Gas","R3: EU claim = eu(ref) only; frame as 517/2014 replaced by 2024/573 (11 Mar 2024)"
"/refrigerant/r-455a/","The 146 GWP provides structural regulatory compliance under EU F-Gas 150-GWP threshold and AIM Act commercial refrigeration provisions [eufgas][aimact].","F-Gas","R3: EU claim = eu(ref) only; frame as 517/2014 replaced by 2024/573 (11 Mar 2024)"
"/refrigerant/r-457a/","The very low GWP of 137 places it well below the AIM Act 700-GWP threshold and meets EU F-Gas 150-GWP cutoff for commercial refrigeration.","F-Gas","R3: EU claim = eu(ref) only; frame as 517/2014 replaced by 2024/573 (11 Mar 2024)"
"/refrigerant/r-457a/","It is below the AIM Act 150-GWP cutoff for low-temperature commercial refrigeration (the most aggressive threshold), meaning it remains permitted for new equipment installations in that segment.","AIM Act","review"
"/refrigerant/r-457a/","This is below EU F-Gas 150 cutoff and AIM Act 150-GWP threshold for low-temperature commercial refrigeration.","F-Gas","R3: EU claim = eu(ref) only; frame as 517/2014 replaced by 2024/573 (11 Mar 2024)"
"/refrigerant/r-457a/","EPA SNAP rules treat R-457A as acceptable for retail food refrigeration (medium-temp), commercial ice machines, and some industrial process refrigeration.","SNAP","review"
"/refrigerant/r-500/","Production banned in 1996 under the Montreal Protocol.","banned","review: Montreal (CFC/HCFC ODS context)"
"/refrigerant/r-500/","The R-12 component carries the ozone-depletion liability — production was banned in the United States on January 1, 1996 under the Montreal Protocol CFC phase-out.","banned","R5: 'US production/import of CFCs ended January 1, 1996 (EPA)'"
"/refrigerant/r-500/","As a CFC-containing blend, R-500 was banned alongside pure R-12.","banned","R5: 'US production/import of CFCs ended January 1, 1996 (EPA)'"
"/refrigerant/r-500/","R-500 production has been banned for almost three decades.","banned","review"
"/refrigerant/r-500/","New production has been banned in the US since January 1, 1996 under the Montreal Protocol CFC phase-out.","banned","R5: 'US production/import of CFCs ended January 1, 1996 (EPA)'"
"/refrigerant/r-500/","""Why was R-500 banned?""","banned","review"
"/refrigerant/r-500/","The Montreal Protocol (1987, amended several times) mandated phase-out of all CFCs.","phase-out","R5: 'US production/import of CFCs ended January 1, 1996 (EPA)'"
"/refrigerant/r-500/","The US implemented the CFC production ban on January 1, 1996.","ban","R5: 'US production/import of CFCs ended January 1, 1996 (EPA)'"
"/refrigerant/r-500/","R-500 and other CFC-containing blends were banned alongside pure CFCs.","banned","R5: 'US production/import of CFCs ended January 1, 1996 (EPA)'"
"/refrigerant/r-500/","R-450a (HFO/HFC blend, GWP 601) replaced R-134a in some applications as the next phase-down step.","phase-down","verify: phase-down (AIM Act allowances / Kigali)"
"/refrigerant/r-500/","if R-500 production had not been banned for ozone-depletion reasons, the GWP alone would still place it well above any modern phase-down threshold.","banned","verify: phase-down (AIM Act allowances / Kigali)"
"/refrigerant/r-500/","By 2026 standards R-500 is unviable on multiple criteria (ODP, GWP) — the 1996 ban removed it from new equipment well before GWP became the constraining concern.","ban","R1: US ban must be engine-derived (subsector+date+limit+para) or deleted"
"/refrigerant/r-502/","Production banned in 1996 under the Montreal Protocol because the R-115 component is a CFC.","banned","R5: 'US production/import of CFCs ended January 1, 1996 (EPA)'"
"/refrigerant/r-502/","The R-115 component carries the chlorofluorocarbon liability — its production was banned in the United States on January 1, 1996 under the Montreal Protocol CFC phase-out.","banned","R5: 'US production/import of CFCs ended January 1, 1996 (EPA)'"
"/refrigerant/r-502/","As a CFC-containing blend, R-502 was banned alongside pure CFCs even though its bulk is the HCFC R-22.","banned","R5: 'US production/import of CFCs ended January 1, 1996 (EPA)'"
"/refrigerant/r-502/","R-502 production has been banned in the United States for almost three decades.","banned","R5: 'US production/import of CFCs ended January 1, 1996 (EPA)'"
"/refrigerant/r-502/","""Why was R-502 banned?""","banned","R5: 'US production/import of CFCs ended January 1, 1996 (EPA)'"
"/refrigerant/r-502/","The Montreal Protocol mandated CFC phase-out;","phase-out","R5: 'US production/import of CFCs ended January 1, 1996 (EPA)'"
"/refrigerant/r-502/","the US implemented the production ban on January 1, 1996.","ban","R1: US ban must be engine-derived (subsector+date+limit+para) or deleted"
"/refrigerant/r-502/","R-502 was banned because of the R-115 component, even though most of the molecule by mass is HCFC R-22 (which was banned later, in 2020, for its own ODP).","banned","R5: 'US production/import of CFCs ended January 1, 1996 (EPA)'"
"/refrigerant/r-502/","(2) R-448A and R-449A (HFC blends, A1, lower GWP ~1300-1400) took over as AIM Act and SNAP pressure increased;","SNAP","review"
"/refrigerant/r-503/","Banned for production in 1996 under the Montreal Protocol because the R-13 component is a CFC.","banned","R5: 'US production/import of CFCs ended January 1, 1996 (EPA)'"
"/refrigerant/r-503/","The R-13 component is a CFC — production was banned in the US on January 1, 1996 under the Montreal Protocol.","banned","R5: 'US production/import of CFCs ended January 1, 1996 (EPA)'"
"/refrigerant/r-503/","R-503, as a CFC-containing blend, was banned alongside R-13.","banned","R5: 'US production/import of CFCs ended January 1, 1996 (EPA)'"
"/refrigerant/r-503/","R-503 production has been banned for almost three decades.","banned","R5: 'US production/import of CFCs ended January 1, 1996 (EPA)'"
"/refrigerant/r-503/","""Why was R-503 banned?""","banned","R5: 'US production/import of CFCs ended January 1, 1996 (EPA)'"
"/refrigerant/r-503/","The Montreal Protocol mandated CFC phase-out;","phase-out","R5: 'US production/import of CFCs ended January 1, 1996 (EPA)'"
"/refrigerant/r-503/","US production was banned on January 1, 1996.","banned","R1: US ban must be engine-derived (subsector+date+limit+para) or deleted"
"/refrigerant/r-503/","R-503, as a blend containing R-13, was banned simultaneously.","banned","R5: 'US production/import of CFCs ended January 1, 1996 (EPA)'"
"/refrigerant/r-503/","The R-23 component is HFC (zero ODP) and would not have been banned on ozone grounds, but is now itself subject to AIM Act phase-down for its very high GWP (14,800).","banned","R1: US ban must be engine-derived (subsector+date+limit+para) or deleted"
"/refrigerant/r-503/","The combination of high ODP and very-high GWP made R-503 environmentally unviable from the moment the Montreal Protocol was negotiated.","Montreal","review: Montreal (CFC/HCFC ODS context)"
"/refrigerant/r-507a/","""AIM Act, 42 U.S.C.","AIM Act","review"
"/refrigerant/r-507a/","7675 — Technology Transitions rule at 40 CFR 84.54 (current through 91 FR 31329, May 26, 2026)""","Technology Transitions","verify: cite 40 CFR 84.54 (Technology Transitions) source"
"/refrigerant/r-507a/","""https://www.ecfr.gov/current/title-40/section-84.54""","84.54","verify: cite 40 CFR 84.54 (Technology Transitions) source"
"/refrigerant/r-507a/","""Technology Transitions rule, 40 CFR 84.54 (2023–2026)""","Technology Transitions","verify: cite 40 CFR 84.54 (Technology Transitions) source"
"/refrigerant/r-507a/","""EPA Significant New Alternatives Policy (SNAP) — acceptability listings by end-use""","SNAP","review"
"/refrigerant/r-507a/","""https://www.epa.gov/snap""","SNAP","review"
"/refrigerant/r-507a/","""Regulation (EU) No 517/2014, since replaced by (EU) 2024/573 (applying from 11 March 2024)""","517/2014","R3: EU claim = eu(ref) only; frame as 517/2014 replaced by 2024/573 (11 Mar 2024)"
"/refrigerant/r-507a/","""https://climate.ec.europa.eu/eu-action/fluorinated-greenhouse-gases/f-gas-legislation_en""","F-Gas","review"
"/refrigerant/r-507a/","New equipment restricted by subsector and date under AIM Act 40 CFR 84.54;","84.54","verify: cite 40 CFR 84.54 (Technology Transitions) source"
"/refrigerant/r-507a/","existing equipment can still be serviced (84.54(e))","84.54","verify: cite 40 CFR 84.54 (Technology Transitions) source"
"/refrigerant/r-507a/","The azeotropic composition is operationally simpler than R-404A's near-azeotropic ternary blend but the GWP positioning is essentially identical — both are aggressively phased down under AIM Act and EU F-Gas Regulation.","F-Gas","R3: EU claim = eu(ref) only; frame as 517/2014 replaced by 2024/573 (11 Mar 2024)"
"/refrigerant/r-507a/","Under the AIM Act, R-507A (40 CFR 84.64 GWP 3985, above every 84.54 limit) is restricted for new equipment subsector by subsector at 40 CFR 84.54 — for example, new ice makers from January 1, 2026 (84.54(a)(8)(i)) and new supermarket systems from January 1, 2027 (84.54(c)(12)(i)).","84.54","verify: cite 40 CFR 84.54 (Technology Transitions) source"
"/refrigerant/r-507a/","See the ""US new-equipment rules (40 CFR 84.54)"" section on this page for the full mapped table [aimact].","84.54","verify: cite 40 CFR 84.54 (Technology Transitions) source"
"/refrigerant/r-507a/","Under Regulation (EU) No 517/2014, since replaced by (EU) 2024/573, applying from 11 March 2024, Annex III row 12 restricts all stationary refrigeration with GWP ≥2,500 from 2020 [eufgas].","517/2014","R3: EU claim = eu(ref) only; frame as 517/2014 replaced by 2024/573 (11 Mar 2024)"
"/refrigerant/r-507a/","Servicing existing R-507A equipment stays legal (40 CFR 84.54(e)).","84.54","verify: cite 40 CFR 84.54 (Technology Transitions) source"
"/refrigerant/r-507a/","Modern AIM Act and EU F-Gas Regulation target the high GWP and have made R-507A non-viable for new equipment.","F-Gas","R3: EU claim = eu(ref) only; frame as 517/2014 replaced by 2024/573 (11 Mar 2024)"
"/refrigerant/r-507a/","Servicing existing R-507A equipment stays legal under current EPA rules (40 CFR 84.54(e)) [aimact].","84.54","verify: cite 40 CFR 84.54 (Technology Transitions) source"
"/refrigerant/r-507a/","New equipment is restricted subsector by subsector under the AIM Act at 40 CFR 84.54 — for example, new supermarket systems from January 1, 2027 (84.54(c)(12)(i)).","84.54","verify: cite 40 CFR 84.54 (Technology Transitions) source"
"/refrigerant/r-507a/","See the ""US new-equipment rules (40 CFR 84.54)"" section on this page for each subsector, date, and paragraph.","84.54","verify: cite 40 CFR 84.54 (Technology Transitions) source"
"/refrigerant/r-507a/","Under the AIM Act, R-507A is restricted for new equipment subsector by subsector at 40 CFR 84.54 — refrigerated transport from January 1, 2025 (84.54(a)(7)/(c)(8)), ice makers from January 1, 2026 (84.54(a)(8)(i)), remote condensing units (≥1,400) and cold storage (≥700) from July 27, 2026 (84.54(c)(11)(i) and 84.54(c)(9)(i)), and supermarket systems from January 1, 2027 (84.54(c)(12)(i));","84.54","verify: cite 40 CFR 84.54 (Technology Transitions) source"
"/refrigerant/r-507a/","see the ""US new-equipment rules (40 CFR 84.54)"" section on this page for the full table [aimact].","84.54","verify: cite 40 CFR 84.54 (Technology Transitions) source"
"/refrigerant/r-507a/","Under Regulation (EU) No 517/2014, since replaced by (EU) 2024/573, applying from 11 March 2024, Annex III row 12 restricts all stationary refrigeration with GWP ≥2,500 from 2020, and row 13 covers multipack centralized systems ≥40 kW with GWP ≥150 from 2022 [eufgas].","517/2014","R3: EU claim = eu(ref) only; frame as 517/2014 replaced by 2024/573 (11 Mar 2024)"
"/refrigerant/r-507a/","<TechSection icon=""recycle"" tone=""amber"" title=""R-507A in the commercial refrigeration phase-down chain"">","phase-down","verify: phase-down (AIM Act allowances / Kigali)"
"/refrigerant/r-507a/","The phase-down trajectory is essentially identical to R-404A's — both refrigerants face the same regulatory pressures and the same retrofit and replacement paths.","phase-down","verify: phase-down (AIM Act allowances / Kigali)"
"/refrigerant/r-507a/","For new equipment, R-507A is restricted subsector by subsector under the AIM Act at 40 CFR 84.54 — see the ""US new-equipment rules (40 CFR 84.54)"" section on this page.","84.54","verify: cite 40 CFR 84.54 (Technology Transitions) source"
"/refrigerant/r-507a/","R-507A occupies essentially the same position as R-404A in 2026 — a legacy commercial refrigeration refrigerant with a substantial installed base, aggressive phase-down for new equipment, and an established retrofit path to R-448A or R-449A for existing equipment.","phase-down","verify: phase-down (AIM Act allowances / Kigali)"
"/refrigerant/r-507a/","reclaimed R-507A will fill an increasing share of the service market as virgin HFC production tightens through the AIM Act baselines (70% reduction by 2029, 80% by 2034, 85% by 2036).","AIM Act","review"
"/refrigerant/r-513a/","""AIM Act, 42 U.S.C.","AIM Act","review"
"/refrigerant/r-513a/","7675 — Technology Transitions rule at 40 CFR 84.54 (current through 91 FR 31329, May 26, 2026)""","Technology Transitions","verify: cite 40 CFR 84.54 (Technology Transitions) source"
"/refrigerant/r-513a/","""https://www.ecfr.gov/current/title-40/section-84.54""","84.54","verify: cite 40 CFR 84.54 (Technology Transitions) source"
"/refrigerant/r-513a/","""Technology Transitions rule, 40 CFR 84.54 (2023–2026)""","Technology Transitions","verify: cite 40 CFR 84.54 (Technology Transitions) source"
"/refrigerant/r-513a/","""Regulation (EU) No 517/2014, since replaced by (EU) 2024/573 (applying from 11 March 2024)""","517/2014","R3: EU claim = eu(ref) only; frame as 517/2014 replaced by 2024/573 (11 Mar 2024)"
"/refrigerant/r-513a/","""https://climate.ec.europa.eu/eu-action/fluorinated-greenhouse-gases/f-gas-legislation_en""","F-Gas","review"
"/refrigerant/r-513a/","""EPA SNAP — R-513A acceptable for chiller retrofit""","SNAP","review"
"/refrigerant/r-513a/","""https://www.epa.gov/snap""","SNAP","review"
"/refrigerant/r-513a/","R-513A's GWP of 630 is below the AIM Act 700-GWP threshold for residential AC (though R-513A isn't used in residential AC).","AIM Act","review"
"/refrigerant/r-513a/","For chiller and commercial refrigeration applications, R-513A faces EU F-Gas Regulation thresholds in some categories but provides comfortable margin in others [eufgas][aimact].","F-Gas","R3: EU claim = eu(ref) only; frame as 517/2014 replaced by 2024/573 (11 Mar 2024)"
"/refrigerant/r-513a/","The reduction is significant but not low enough to clear EU F-Gas thresholds for the strictest chiller categories (where R-1234ze(E) at GWP 1 or R-515B at 287 is preferred).","F-Gas","R3: EU claim = eu(ref) only; frame as 517/2014 replaced by 2024/573 (11 Mar 2024)"
"/refrigerant/r-513a/","R-513A's 630 is below the AIM Act 700-GWP threshold for residential AC (though R-513A isn't used in residential AC).","AIM Act","review"
"/refrigerant/r-513a/","For chiller and commercial refrigeration applications, R-513A faces EU F-Gas Regulation thresholds in some categories.","F-Gas","R3: EU claim = eu(ref) only; frame as 517/2014 replaced by 2024/573 (11 Mar 2024)"
"/refrigerant/r-513a/","For R-134a chillers facing GWP-driven phase-down pressure, four retrofit and replacement paths exist:","phase-down","verify: phase-down (AIM Act allowances / Kigali)"
"/refrigerant/r-514a/","R-514A is not subject to climate phase-down — GWP 3 and ODP 0 keep it below all current thresholds.","phase-down","verify: phase-down (AIM Act allowances / Kigali)"
"/refrigerant/r-514a/","""Is R-514A subject to phase-down?""","phase-down","verify: phase-down (AIM Act allowances / Kigali)"
"/refrigerant/r-514a/","The B1 classification is the practical adoption barrier rather than regulatory phase-down.","phase-down","verify: phase-down (AIM Act allowances / Kigali)"
"/refrigerant/r-515a/","pure R-1234ze(E) has GWP 1 (EPA SNAP / AIM Act basis;","SNAP","review"
"/refrigerant/r-515a/","R-515A's GWP of 387 is substantially higher than R-1234ze(E)'s 1 (EPA SNAP basis, or ≈1 under strict AR5) — the R-227ea component (GWP 3220) drives most of R-515A's GWP.","SNAP","review"
"/refrigerant/r-515a/","R-515A's GWP of 387 is below the EU F-Gas 750-GWP threshold for chillers but above the 150-GWP threshold for some other applications.","F-Gas","R3: EU claim = eu(ref) only; frame as 517/2014 replaced by 2024/573 (11 Mar 2024)"
"/refrigerant/r-515a/","Under AIM Act in the US, R-515A is below the 700-GWP threshold for the chiller acceptable-use category — meaning R-515A remains permitted for new chiller installations through current AIM Act schedules.","AIM Act","review"
"/refrigerant/r-515a/","""Is R-515A subject to phase-down?""","phase-down","verify: phase-down (AIM Act allowances / Kigali)"
"/refrigerant/r-515a/","Below current chiller-segment thresholds in the US (AIM Act 700-GWP threshold) and EU (F-Gas chiller 750-GWP threshold) — R-515A is permitted for new equipment in those categories.","F-Gas","R3: EU claim = eu(ref) only; frame as 517/2014 replaced by 2024/573 (11 Mar 2024)"
"/refrigerant/r-515a/","For application categories with lower GWP thresholds (e.g., EU F-Gas 150 for commercial refrigeration), R-515A is not compliant and lower-GWP alternatives (R-515B, R-1234ze(E), R-454C) are required.","F-Gas","R3: EU claim = eu(ref) only; frame as 517/2014 replaced by 2024/573 (11 Mar 2024)"
"/refrigerant/r-515b/","R-515B's GWP of 287 is below the EU F-Gas 750-GWP threshold for chillers and below the AIM Act 700-GWP threshold for chiller equipment in the US — R-515B remains permitted for new chiller installations.","F-Gas","R3: EU claim = eu(ref) only; frame as 517/2014 replaced by 2024/573 (11 Mar 2024)"
"/refrigerant/r-515b/","For EU F-Gas 150-GWP applications (small split AC, some commercial refrigeration), R-515B is not compliant and pure R-1234ze(E) (A2L, GWP 1) is the alternative path.","F-Gas","R3: EU claim = eu(ref) only; frame as 517/2014 replaced by 2024/573 (11 Mar 2024)"
"/refrigerant/r-515b/","As EU F-Gas thresholds tighten further (the 2024 revision targets even lower thresholds for some applications by 2030), R-515B may face restrictions in some segments.","F-Gas","R3: EU claim = eu(ref) only; frame as 517/2014 replaced by 2024/573 (11 Mar 2024)"
"/refrigerant/r-516a/","ASHRAE A2L, GWP 140 — under the EU F-Gas 150 cap.","F-Gas","R3: EU claim = eu(ref) only; frame as 517/2014 replaced by 2024/573 (11 Mar 2024)"
"/refrigerant/r-516a/","ASHRAE A2L, GWP 140 — meets the EU F-Gas Regulation 150 threshold.","F-Gas","R3: EU claim = eu(ref) only; frame as 517/2014 replaced by 2024/573 (11 Mar 2024)"
"/refrigerant/r-516a/","The R-1234yf-dominant composition produces a very low GWP of 140 — below the EU F-Gas Regulation 150 threshold for new stationary refrigeration that most HFC blends fail.","F-Gas","R3: EU claim = eu(ref) only; frame as 517/2014 replaced by 2024/573 (11 Mar 2024)"
"/refrigerant/r-516a/","R-516A's GWP of 140 meets the EU F-Gas Regulation 150 threshold for new stationary refrigeration — joining R-454C (146), R-455A (146), R-744 (1), and R-290 (3) as the very-low-GWP options that satisfy the EU's long-term replacement objectives.","F-Gas","R3: EU claim = eu(ref) only; frame as 517/2014 replaced by 2024/573 (11 Mar 2024)"
"/refrigerant/r-516a/","It also passes the AIM Act 700 threshold by a wide margin.","AIM Act","review"
"/refrigerant/r-516a/","""Both are very-low-GWP A2L blends below the EU F-Gas 150 threshold.","F-Gas","R3: EU claim = eu(ref) only; frame as 517/2014 replaced by 2024/573 (11 Mar 2024)"
"/refrigerant/r-516a/","""Is R-516A AIM Act and EU F-Gas compliant?""","F-Gas","R3: EU claim = eu(ref) only; frame as 517/2014 replaced by 2024/573 (11 Mar 2024)"
"/refrigerant/r-516a/","GWP 140 is below the AIM Act 700 threshold for new equipment and below the EU F-Gas Regulation 150 threshold for new stationary refrigeration.","F-Gas","R3: EU claim = eu(ref) only; frame as 517/2014 replaced by 2024/573 (11 Mar 2024)"
"/refrigerant/r-600a/","""EPA SNAP — R-600a acceptable for household refrigerators and freezers""","SNAP","review"
"/refrigerant/r-600a/","""https://www.epa.gov/snap""","SNAP","review"
"/refrigerant/r-600a/","EPA SNAP approval","SNAP","review"
"/refrigerant/r-600a/","The transition from HFC R-134a to R-600a in domestic refrigeration is largely complete in EU markets and well-advanced in US markets following EPA SNAP approval in 2011 [snap].","SNAP","review"
"/refrigerant/r-600a/","R-600a faces no phase-down — GWP 1, zero ODP, A3 hydrocarbon outside Montreal Protocol and Kigali Amendment frameworks.","phase-down","R4: Kigali only for HFC phase-down; counts from kigali block"
"/refrigerant/r-600a/","EPA SNAP approved R-600a for household refrigerator and freezer end-use in 2011 [snap];","SNAP","review"
"/refrigerant/r-600a/","EPA SNAP approved R-600a for household refrigerator end-use in 2011 [snap];","SNAP","review"
"/refrigerant/r-600a/","<TechSection icon=""globe"" tone=""emerald"" title=""GWP 1 and zero ODP — natural refrigerant with no phase-down risk"">","phase-down","verify: phase-down (AIM Act allowances / Kigali)"
"/refrigerant/r-600a/","R-600a faces no phase-down pressure under AIM Act, EU F-Gas Regulation, Kigali Amendment, or Montreal Protocol.","F-Gas","R3: EU claim = eu(ref) only; frame as 517/2014 replaced by 2024/573 (11 Mar 2024)"
"/refrigerant/r-600a/","The global household refrigerator industry transitioned from CFC R-12 (banned 1996) to HFC R-134a in the 1990s, then from R-134a to R-600a starting in the late 2000s.","banned","R5: 'US production/import of CFCs ended January 1, 1996 (EPA)'"
"/refrigerant/r-600a/","US adoption lagged due to UL standard updates and EPA SNAP approval timing.","SNAP","review"
"/refrigerant/r-600a/","EPA SNAP approved R-600a for household refrigerator end-use in 2011 [snap].","SNAP","review"
"/refrigerant/r-717/","R-717 faces no phase-down — GWP 0 and ODP 0 are below any environmental regulatory threshold.","phase-down","verify: phase-down (AIM Act allowances / Kigali)"
"/refrigerant/r-717/","The Kigali Amendment, AIM Act, and EU F-Gas Regulation target halogenated refrigerants;","F-Gas","R3: EU claim = eu(ref) only; frame as 517/2014 replaced by 2024/573 (11 Mar 2024)"
"/refrigerant/r-717/","Montreal Protocol (CFC/HCFC phase-out), Kigali Amendment (HFC phase-down), and other regulatory frameworks have not affected ammonia adoption.","phase-out","R4: Kigali only for HFC phase-down; counts from kigali block"
"/refrigerant/r-717/","HFC industrial refrigeration retrofitting to R-744 CO₂ (transcritical or cascade) or to R-717 ammonia as part of HFC phase-down compliance.","phase-down","verify: phase-down (AIM Act allowances / Kigali)"
"/refrigerant/r-717/","The environmental excellence has made ammonia structurally immune to every refrigerant phase-down policy of the past 50 years.","phase-down","verify: phase-down (AIM Act allowances / Kigali)"
"/refrigerant/r-717/","Montreal Protocol (1987, CFC phase-out):","phase-out","R5: 'US production/import of CFCs ended January 1, 1996 (EPA)'"
"/refrigerant/r-717/","Kigali Amendment (2016, HFC phase-down):","phase-down","R4: Kigali only for HFC phase-down; counts from kigali block"
"/refrigerant/r-717/","AIM Act (2020) and EU F-Gas Regulation (2014, revised 2024):","F-Gas","R3: EU claim = eu(ref) only; frame as 517/2014 replaced by 2024/573 (11 Mar 2024)"
"/refrigerant/r-717/","For HFC industrial refrigeration facing AIM Act and EU F-Gas phase-down pressure, R-717 ammonia is one of two long-term low-GWP destinations (R-744 CO₂ is the other).","F-Gas","R3: EU claim = eu(ref) only; frame as 517/2014 replaced by 2024/573 (11 Mar 2024)"
"/refrigerant/r-744/","""EPA Significant New Alternatives Policy (SNAP) — R-744 acceptable for commercial refrigeration""","SNAP","review"
"/refrigerant/r-744/","""https://www.epa.gov/snap""","SNAP","review"
"/refrigerant/r-744/","R-744 faces no phase-down pressure — GWP 1, ODP 0, A1 safety class, natural origin.","phase-down","verify: phase-down (AIM Act allowances / Kigali)"
"/refrigerant/r-744/","The Kigali Amendment and AIM Act target HFCs;","Kigali","R4: Kigali only for HFC phase-down; counts from kigali block"
"/refrigerant/r-744/","R-744 is not an HFC and is not on any phase-down schedule [epasnap].","SNAP","verify: phase-down (AIM Act allowances / Kigali)"
"/refrigerant/r-744/","R-404A's high GWP (3922) creates regulatory phase-down pressure under both AIM Act and EU F-Gas;","F-Gas","R3: EU claim = eu(ref) only; frame as 517/2014 replaced by 2024/573 (11 Mar 2024)"
"/refrigerant/r-744/","US adoption is growing through 2024-2027 as AIM Act phase-down pressure on R-404A accelerates.","phase-down","verify: phase-down (AIM Act allowances / Kigali)"
"/refrigerant/r-744/","For residential AC specifically, the AIM Act 700-GWP threshold is met by HFCs like R-32 (675) and R-454B (465) at much lower equipment cost than R-744.","AIM Act","review"
"/refrigerant/r-744/","The Kigali Amendment and EU F-Gas Regulation pressure on R-404A made R-744 the natural long-term destination, and the equipment supply chain (compressors, valves, controls, gas coolers) is well-developed [shecco].","F-Gas","R3: EU claim = eu(ref) only; frame as 517/2014 replaced by 2024/573 (11 Mar 2024)"
"/refrigerant/r-744/","US adoption lagged EU by approximately 5 years but is accelerating through 2024-2027 as the AIM Act Technology Transitions Rule restricts R-404A for new equipment in commercial refrigeration categories.","Technology Transitions","verify: cite 40 CFR 84.54 (Technology Transitions) source"
"/refrigerant/r-744/","Capital cost is higher than R-454C / R-455A alternatives but operating cost and zero phase-down risk favor R-744 for installations expected to operate 15-25 years.","phase-down","verify: phase-down (AIM Act allowances / Kigali)"
"/refrigerant/r-c318/","R-C318 is not on the AIM Act HFC list (AIM Act focuses on hydrofluorocarbons by ASHRAE designation;","AIM Act","review"
"/refrigerant/r-c318/","EU F-Gas Regulation includes PFCs in its phase-down scope.","F-Gas","R3: EU claim = eu(ref) only; frame as 517/2014 replaced by 2024/573 (11 Mar 2024)"
"/what-pressure-should-410a/","""Why is R-410A being phased out?""","phased out","review"
"/what-pressure-should-410a/","""Its Global Warming Potential of 2088 places it above the 700 GWP threshold the AIM Act set for new residential AC equipment as of January 1, 2025.","AIM Act","review"
"/what-pressure-should-r1234yf/","R-1234yf is the global standard refrigerant for new-vehicle mobile A/C — replacing R-134a in EU new vehicle types from 1 January 2017 (Directive 2006/40/EC), and in most US light-duty vehicles by model year 2021 under the EPA Technology Transitions rule (40 CFR Part 84).","Technology Transitions","verify: cite 40 CFR 84.54 (Technology Transitions) source"
"/what-pressure-should-r1234yf/","""R-1234yf is the AIM-compliant substitute, NOT a refrigerant subject to phase-down.","phase-down","verify: phase-down (AIM Act allowances / Kigali)"
"/what-pressure-should-r1234yf/","The AIM Act Technology Transitions rule (40 CFR Part 84, 2023) restricts new HFCs with GWP ≥150 in MY 2025+ light-duty MVAC — making yf the operative new-vehicle standard.""","Technology Transitions","verify: cite 40 CFR 84.54 (Technology Transitions) source"
"/what-pressure-should-r1234yf/","""R-1234yf's headline GWP is 1 on the EPA SNAP / AIM Act exchange basis — that's what you cite for compliance and reporting.","SNAP","review"
"/what-pressure-should-r1234yf/","refrigerants with GWP >150 banned in new MAC vehicle types from 1 January 2011, and in all new vehicles from 1 January 2017 (passenger cars + light commercial).","banned","review"
"/what-pressure-should-r1234yf/","R-1234yf (GWP 1 on the EPA SNAP exchange basis;","SNAP","review"
"/what-pressure-should-r1234yf/","In the US, the trajectory followed via A/C refrigerant credits under the MY2017–2025 Light-Duty GHG rule (77 FR 62624), then via the AIM Act Technology Transitions rule (40 CFR Part 84, 2023) restricting HFCs with GWP ≥150 in newly manufactured / imported light-duty MVAC from MY 2025.","Technology Transitions","verify: cite 40 CFR 84.54 (Technology Transitions) source"
"/what-pressure-should-r1234yf/","For purchasing R-1234yf in small cans (≤2 lb), SNAP Rule 24 (May 2022, FR 2022-08923) adopted unique small-can fitting requirements — buyers of larger containers must hold Section 609 certification.","SNAP","review"
"/what-pressure-should-r1234yf/","SNAP Rule 24 (2022) extended yf acceptability to nonroad vehicle MVAC.","SNAP","review"
"/what-pressure-should-r1234yf/","SNAP Rule 27 (proposed October/November 2025;","SNAP","review"
"/what-pressure-should-r1234yf/","AIM Act Technology Transitions rule (40 CFR Part 84, 2023) restricting GWP ≥150 in MY 2025+ light-duty MVAC;","Technology Transitions","verify: cite 40 CFR 84.54 (Technology Transitions) source"
"/what-pressure-should-r1234yf/","SNAP Rule 20 (2015, 80 FR 42870) listing R-134a unacceptable in new light-duty MVAC;","SNAP","review"
"/what-pressure-should-r1234yf/","SNAP Rule 24 (2022, FR 2022-08923) extending yf acceptability to nonroad vehicles + small-can fittings""","SNAP","review"
"/what-pressure-should-r1234yf/","IPCC AR4 (2007) Working Group I Chapter 2 Table 2.14 (the AR4 100-yr basis = 4, used by EPA SNAP / AIM Act);","SNAP","review"
"/what-pressure-should-r134a/","""Is R-134a being phased out?""","phased out","review"
"/what-pressure-should-r134a/","For stationary applications, R-134a remains in service but is constrained by the AIM Act phase-down (production caps based on GWP-weighted consumption).","phase-down","verify: phase-down (AIM Act allowances / Kigali)"
"/what-pressure-should-r32/","R-32 at 675 falls below the AIM Act 700 threshold for new residential AC equipment;","AIM Act","review"
"/what-pressure-should-r404a/","""Why is R-404A being phased out?""","phased out","review"
"/what-pressure-should-r404a/","""Its GWP of 3922 is one of the highest of common HFC refrigerants, above every 40 CFR 84.54 limit.","84.54","verify: cite 40 CFR 84.54 (Technology Transitions) source"
"/what-pressure-should-r404a/","Under the AIM Act, new R-404A commercial refrigeration is restricted by subsector and date — for example refrigerated transport from January 1, 2025 (84.54(a)(7)/(c)(8)), remote condensing units from July 27, 2026 (84.54(c)(11)(i), GWP ≥1,400), and supermarket systems from January 1, 2027 (84.54(c)(12)(i)).","84.54","verify: cite 40 CFR 84.54 (Technology Transitions) source"
"/what-pressure-should-r404a/","Servicing existing equipment remains legal (installation is defined in 84.54(e)).","84.54","verify: cite 40 CFR 84.54 (Technology Transitions) source"
"/what-pressure-should-r407c/","""Is R-407C being phased out?""","phased out","review"
"/what-pressure-should-r407c/","""Yes, gradually, under the AIM Act.","AIM Act","review"
"/what-pressure-should-r449a/","the 2026 EPA Technology Transitions final revision keeps it legal for new retail-food remote condensing units and supermarket systems through 2032 under the 1,400 interim GWP threshold.","Technology Transitions","verify: cite 40 CFR 84.54 (Technology Transitions) source"
"/what-pressure-should-r449a/","""R-449A is subject to the AIM Act but is NOT phasing out — the **2026 Technology Transitions final revision** raises the new-equipment GWP threshold for retail-food **remote condensing units and supermarket systems** to **1,400** effective 2026 through 2032;","Technology Transitions","verify: cite 40 CFR 84.54 (Technology Transitions) source"
"/what-pressure-should-r449a/","R-449A's regulatory GWP (AIM Act AR4 exchange basis) is **1,396** — it clears the 1,400 interim threshold by 4 points and is a legal choice for new retail-food equipment through 2032.","AIM Act","review"
"/what-pressure-should-r449a/","""Is R-449A being phased out?""","phased out","review"
"/what-pressure-should-r449a/","The original 2023 EPA Technology Transitions rule set 150/300 GWP limits for new retail-food systems from January 1, 2026.","Technology Transitions","verify: cite 40 CFR 84.54 (Technology Transitions) source"
"/what-pressure-should-r449a/","R-449A's regulatory GWP (AIM Act AR4 exchange basis) is 1,396 — clearing the 1,400 interim threshold by 4 points.","AIM Act","review"
"/what-pressure-should-r449a/","EPA SNAP listings for retail food refrigeration (supermarket systems, remote condensing units, processing/dispensing equipment)""","SNAP","review"
"/what-pressure-should-r449a/","- ""Technology Transitions Reconsideration / 2026 Final Revision (40 CFR Part 84;","Technology Transitions","verify: cite 40 CFR 84.54 (Technology Transitions) source"
"/what-pressure-should-r449a/","IPCC AR4 (2007) / AIM Act exchange-value basis (1,396 — the figure that counts for the 1,400 interim threshold);","AIM Act","review"
"/what-pressure-should-r454b/","R-32 is an HFC regulated under the AIM Act, so R-454B supply falls under the HFC allowance phasedown.""","AIM Act","R8: allowance schedule must match phasedown block (30%/20%/15%)"
"/what-pressure-should-r454b/","R-454B's 465 is below the AIM Act 700 threshold for new residential AC equipment (effective January 1, 2025);","AIM Act","review"
"/what-pressure-should-r454c/","Both have GWP 146 (below the EU F-Gas 150-GWP threshold);","F-Gas","R3: EU claim = eu(ref) only; frame as 517/2014 replaced by 2024/573 (11 Mar 2024)"
"/what-pressure-should-r454c/","This is below the EU F-Gas 150-GWP threshold for commercial refrigeration.","F-Gas","R3: EU claim = eu(ref) only; frame as 517/2014 replaced by 2024/573 (11 Mar 2024)"
"/what-pressure-should-r744/","It's the long-term destination for many applications facing aggressive GWP phase-down — the trade-off is equipment cost (high-pressure components) and efficiency in warm climates (transcritical operation has lower efficiency than subcritical at the same temperatures).""","phase-down","verify: phase-down (AIM Act allowances / Kigali)"
"/about-us/","changes with AIM Act allocations, weather, and import dynamics.","AIM Act","review"
"/calculators-hub/","Six common comparison presets for residential phase-down, commercial LT, mobile AC, retrofit."" },","phase-down","verify: phase-down (AIM Act allowances / Kigali)"
"/calculators-hub/","AIM Act (40 CFR Part 84) for HFC phase-down dates and GWP caps;","phase-down","verify: phase-down (AIM Act allowances / Kigali)"
"/calculators-hub/","Refrigerant prices and supply fluctuate based on AIM Act allocations, weather, and import/export dynamics.","AIM Act","review"
"/carrier-410a-charging-chart/","`The interactive lookup snaps your wet-bulb down to the nearest published column, and Carrier's columns step every 2°F — so 63°F WB is read on the 62°F column.","SNAP","review"
"/carrier-410a-charging-chart/","Carrier publishes wet-bulb columns every 2°F and outdoor rows every 5°F — snap down to the nearest published value.","SNAP","review"
"/carrier-410a-charging-chart/","If your wet-bulb falls between published columns (they step every 2°F), snap down to the nearest column or interpolate the two neighboring Carrier cells;","SNAP","review"
"/carrier-410a-charging-chart/","the interactive lookup below does the snap for you.","SNAP","review"
"src/app/feed.xml/route.ts","""AIM Act phase-down + EU F-Gas + reclaim economics + virgin/reclaimed pricing framework."", updated:","F-Gas","R3: EU claim = eu(ref) only; frame as 517/2014 replaced by 2024/573 (11 Mar 2024)"
"src/app/feed.xml/route.ts","""A1/A2L/A2/A3/B safety classifications + GWP/ODP framework + AIM Act compliance."", updated:","AIM Act","review"
"/guides-hub/","PT chart reading, superheat and subcooling fundamentals, refrigerant comparisons, ASHRAE 34 safety, AIM Act regulatory context."",","AIM Act","review"
"/guides-hub/","introBody=""Every guide is sourced — ASHRAE Handbook—Refrigeration (2022), ASHRAE Standard 34-2022, AIM Act / SNAP, IPCC AR4/AR5/AR6, IIAR for ammonia, equipment OEM service literature (Carrier, Trane, Lennox, Daikin, Goodman).","SNAP","review"
"/guides-hub/","""Picking refrigerant for new equipment under AIM Act"",","AIM Act","review"
"/guides-hub/","""Working through AIM Act-driven equipment and service changes."",","AIM Act","review"
"/guides-hub/","""How AIM Act phase-down, EU F-Gas, and the virgin/reclaimed/recycled tier structure determine refrigerant prices.","F-Gas","R3: EU claim = eu(ref) only; frame as 517/2014 replaced by 2024/573 (11 Mar 2024)"
"/guides-hub/","Sourced from 40 CFR Part 84, EU 517/2014, AHRI 700, and Hudson Technologies SEC filings.","517/2014","R3: EU claim = eu(ref) only; frame as 517/2014 replaced by 2024/573 (11 Mar 2024)"
"/guides-hub/","Sourced from AHRI 210/240 + 1230, ASHRAE 15/34/90.2, EPA 608 + AIM Act, UL 60335-2-40, ENERGY STAR."" },","AIM Act","review"
"/guides-hub/","(4) Regulatory references — AIM Act (40 CFR Part 84), EPA Section 608 (40 CFR Part 82 Subpart F), EU F-Gas Regulation 517/2014 and 2024/573, Kigali Amendment to Montreal Protocol (2016), IPCC AR4/AR5/AR6 for GWP values.","F-Gas","R3: EU claim = eu(ref) only; frame as 517/2014 replaced by 2024/573 (11 Mar 2024)"
"/guides-hub/","AIM Act technology transition rules update as sectors phase in;","AIM Act","review"
"/hvac-ductless-mini-split-guide/","(3) AIM Act 40 CFR Part 84 mandated GWP ≤700 for new equipment manufactured after January 1, 2025 — R-410A (GWP 2088) failed;","AIM Act","review"
"/hvac-ductless-mini-split-guide/","Sourced throughout from AHRI 210/240 + 1230, ASHRAE 15 + 34 + 90.2, EPA Section 608 + AIM Act, UL 60335-2-40, ENERGY STAR.","AIM Act","review"
"/hvac-ductless-mini-split-guide/","production capped by AIM Act;","AIM Act","review"
"/hvac-ductless-mini-split-guide/","40 CFR Part 84 (AIM Act HFC phase-down;","phase-down","verify: phase-down (AIM Act allowances / Kigali)"
"/hvac-refrigerant-recovery-guide/","EPA Section 608 (40 CFR Part 82 Subpart F § 82.161) prohibits anyone from opening a refrigerant circuit, recovering refrigerant, or charging stationary refrigeration and air conditioning equipment unless they hold valid EPA Section 608 technician certification at the appropriate type level (Type I, II, III, or Universal).","prohibit","review"
"/hvac-refrigerant-recovery-guide/","The prohibition applies to all refrigerants covered by Section 608 — originally CFCs and HCFCs, expanded to substitute refrigerants (HFCs) by the 2016 Final Rule effective January 2018.","prohibit","R5: 'US production/import of CFCs ended January 1, 1996 (EPA)'"
"/hvac-refrigerant-recovery-guide/","mixing A2L with A1 in the same cylinder is prohibited.","prohibit","review"
"/hvac-refrigerant-recovery-guide/","the four technician certification types, the legal distinctions between recovery / recycling / reclamation, equipment requirements per AHRI Standard 740, evacuation levels by equipment type, the recovery procedure step-by-step for typical residential and small commercial systems, recordkeeping requirements per § 82.166, A2L refrigerant safety for the current AIM Act transition, and the penalty exposure for violations.","AIM Act","review"
"/hvac-refrigerant-recovery-guide/","The original driver was the Montreal Protocol (1987), which committed signatory nations to phase out ozone-depleting substances — chlorofluorocarbons (CFCs) and hydrochlorofluorocarbons (HCFCs) used as refrigerants.","Montreal","review: Montreal (CFC/HCFC ODS context)"
"/hvac-refrigerant-recovery-guide/","The EPA 2024 rule under AIM Act subsection (h) (40 CFR Part 84, Subpart C — Management of Regulated Substances) added management requirements for HFC reclamation and reporting tied to the allowance phase-down.","phase-down","R8: allowance schedule must match phasedown block (30%/20%/15%)"
"/hvac-refrigerant-recovery-guide/","Refrigerants are ozone-depleting (CFCs/HCFCs) or high-GWP greenhouse gases (HFCs), federal regulation prohibits venting them, and the only legal disposition for refrigerant removed from a system is recovery into proper containers for reclamation or destruction.","prohibit","R5: 'US production/import of CFCs ended January 1, 1996 (EPA)'"
"/hvac-refrigerant-recovery-guide/","""AIM Act threshold"", color:","AIM Act","review"
"/hvac-refrigerant-recovery-guide/","caption=""The AIM Act requires new residential AC + heat pump equipment manufactured after January 2025 to use refrigerants with GWP ≤700.","AIM Act","review"
"/hvac-refrigerant-recovery-guide/","Reclaimed refrigerant — produced from recovered material — supplies a meaningful and growing share of the wholesale refrigerant market as the AIM Act phase-down constrains virgin HFC production.","phase-down","verify: phase-down (AIM Act allowances / Kigali)"
"/hvac-refrigerant-recovery-guide/","Cannot be sold to third parties without first being reclaimed (a § 82.158 prohibition that protects buyers from mixed/contaminated material).","prohibit","review"
"/hvac-refrigerant-recovery-guide/","Reclaimed refrigerant is the primary supply mechanism for R-22 servicing since the 2020 virgin production ban, and a growing fraction of R-410A supply as AIM Act allowance constraints tighten.","ban","R1: US ban must be engine-derived (subsector+date+limit+para) or deleted"
"/hvac-refrigerant-recovery-guide/","They&apos;re calibrated to capture the bulk of refrigerant from the system before the venting prohibition takes effect.","prohibit","review"
"/hvac-refrigerant-recovery-guide/","A2L refrigerant safety (the AIM Act transition)","AIM Act","review"
"/hvac-refrigerant-recovery-guide/","A2L refrigerants — R-32, R-454B, R-454C, R-455A, R-1234yf, R-1234ze and others — are the new-equipment replacements for high-GWP A1 refrigerants under the AIM Act phase-down.","phase-down","verify: phase-down (AIM Act allowances / Kigali)"
"/hvac-refrigerant-recovery-guide/","Residual refrigerant in oil and dead-end circuit portions can off-gas after recovery shuts off, leading to incomplete recovery and venting on the next opening.","F-Gas","review"
"/hvac-refrigerant-recovery-guide/","AIM Act 2024 implementation rules.","AIM Act","review"
"/hvac-refrigerant-recovery-guide/","AIM Act (American Innovation and Manufacturing Act of 2020), Public Law 116-260 Division S.","AIM Act","review"
"/hvac-refrigerant-recovery-guide/","<p className=""mt-1 text-sm text-zinc-600 dark:text-zinc-400"">How recovery + reclamation interact with the AIM Act and EU F-Gas phase-down.</p>","F-Gas","R3: EU claim = eu(ref) only; frame as 517/2014 replaced by 2024/573 (11 Mar 2024)"
"/hvac-refrigerant-recovery-guide/","<p className=""mt-1 text-sm text-zinc-600 dark:text-zinc-400"">Reclaim-only supply since 2020 production ban;","ban","review"
"/hvac-refrigerant-recovery-guide/","<p className=""mt-1 text-sm text-zinc-600 dark:text-zinc-400"">R-410A replacement under AIM Act;","AIM Act","review"
"/hvac-troubleshooting-guide/","compressor failure on R-22 equipment (R-22 is phased out and bulk refrigerant is expensive);","phased out","review"
"src/app/llms-full.txt/route.ts","### AIM Act (40 CFR Part 84)","AIM Act","review"
"src/app/llms-full.txt/route.ts","HFC phase-down schedule:","phase-down","verify: phase-down (AIM Act allowances / Kigali)"
"src/app/llms-full.txt/route.ts","### R-22 Phase-Out","phase-out","review"
"src/app/llms-full.txt/route.ts","ban on new HCFC R-22 equipment manufacture","ban","R5: 'US production/import of CFCs ended January 1, 1996 (EPA)'"
"src/app/llms-full.txt/route.ts","ban on production + import of virgin R-22","ban","review"
"src/app/llms-full.txt/route.ts","- R-22 reclaim prices have risen substantially since phase-out","phase-out","review"
"src/app/llms-full.txt/route.ts","40 CFR Part 84 (AIM Act)","AIM Act","review"
"src/app/llms.txt/route.ts","Source-cited HVAC calculators, troubleshooting guides, and reference articles covering EPA Section 608 compliance, AIM Act HFC phase-down, ACCA Manuals J/S/D/T, ASHRAE standards, and Building Performance Standards.","phase-down","verify: phase-down (AIM Act allowances / Kigali)"
"src/app/llms.txt/route.ts","AIM Act phase-down + reclaim economics","phase-down","verify: phase-down (AIM Act allowances / Kigali)"
"src/app/llms.txt/route.ts","PT charts (10-200°F), critical pressure + temperature, GWP/ODP, ASHRAE Standard 34 safety classification, NIST molecular data, retrofit compatibility, applications, regulatory status under EPA Section 608 and AIM Act.","AIM Act","review"
"src/app/llms.txt/route.ts","The historic R-22 phase-out comparison","phase-out","review"
"src/app/llms.txt/route.ts","R-410A → R-454B AIM Act transition","AIM Act","review"
"src/app/llms.txt/route.ts","40 CFR Part 84 (AIM Act)","AIM Act","review"
"/low-suction-pressure/","""Only after verifying (a) it's an undercharge, not a restriction or airflow issue, (b) a leak has been located and repaired (EPA Section 608 prohibits topping-off a leaking system), and (c) the system has been evacuated properly.","prohibit","review"
"src/app/page.tsx","body=""100-year GWP on the basis US EPA uses (AIM Act exchange values / 40 CFR 84.64(b) / IPCC AR4), with IPCC AR4, AR5 and AR6 shown alongside.""","AIM Act","review"
"/pt-charts-tools-hub/","""Looking up GWP for AIM Act compliance"",","AIM Act","review"
"/pt-charts-tools-hub/","""Side-by-side written comparison, the residential AC phase-down decision."" },","phase-down","verify: phase-down (AIM Act allowances / Kigali)"
"/pt-charts-tools-hub/","HCFCs (R-22, R-123) — ozone-depleting, phased out under Montreal Protocol.","phased out","R5: 'US production/import of CFCs ended January 1, 1996 (EPA)'"
"/pt-charts-tools-hub/","Subject to AIM Act phase-down (40 CFR Part 84) in US and EU F-Gas Regulation.","F-Gas","R3: EU claim = eu(ref) only; frame as 517/2014 replaced by 2024/573 (11 Mar 2024)"
"/pt-charts-tools-hub/","The AIM Act-compliant replacement family for HFCs.","AIM Act","review"
"/pt-superheat-subcooling-calculator/","<strong>Look at the trend, not just the snapshot.</strong>{"" ""}If this is a","SNAP","review"
"/pt-superheat-subcooling-calculator/","than a snapshot that just happens to be off.","SNAP","review"
"/r22-superheat-chart/","virgin R-22 production stopped in January 2020 under the EPA HCFC phase-out.","phase-out","R5: 'US production/import of CFCs ended January 1, 1996 (EPA)'"
"/r22-superheat-chart/","— full PT chart, properties, phase-down context.","phase-down","verify: phase-down (AIM Act allowances / Kigali)"
"/refrigerant/[slug]/","<AlertTriangle className=""h-3 w-3"" /> AIM Act phase-down","phase-down","verify: phase-down (AIM Act allowances / Kigali)"
"/refrigerant/[slug]/","<ShieldAlert className=""h-3 w-3"" /> Production banned {r.regulatoryStatus.epaPhaseoutDate ?","banned","R1: US ban must be engine-derived (subsector+date+limit+para) or deleted"
"/refrigerant/[slug]/","phase-down status","phase-down","verify: phase-down (AIM Act allowances / Kigali)"
"/refrigerant/[slug]/","{/* ───────────────── Phase-down timeline ───────────────── */}","phase-down","verify: phase-down (AIM Act allowances / Kigali)"
"/refrigerant/[slug]/","title=""Phase-down timeline""","phase-down","verify: phase-down (AIM Act allowances / Kigali)"
"/refrigerant/[slug]/","{displayName} is no longer in commercial service (Montreal Protocol /","Montreal","review: Montreal (CFC/HCFC ODS context)"
"/refrigerant-charge-calculator/","<strong>Topping off a leaking system.</strong> EPA Section 608 prohibits","prohibit","review"
"/refrigerant-comparison-guide/","For new equipment specification, regulatory phase-down status often dominates — picking a refrigerant facing imminent restriction creates stranded-asset risk.","phase-down","verify: phase-down (AIM Act allowances / Kigali)"
"/refrigerant-comparison-guide/","R-410A is GWP 2088 and is restricted under the AIM Act for new equipment beginning January 1, 2025 (with regulatory phase-down through 2036).","phase-down","verify: phase-down (AIM Act allowances / Kigali)"
"/refrigerant-comparison-guide/","For systems under 10 years with no leaks and intact compressor, retrofit to an HFC like R-422D or R-407C is reasonable — but only buys time, because those refrigerants face their own AIM Act restrictions.","AIM Act","review"
"/refrigerant-comparison-guide/","""They're the ultimate destination if the regulatory phase-down continues to its logical conclusion.","phase-down","verify: phase-down (AIM Act allowances / Kigali)"
"/refrigerant-comparison-guide/","R-744 (CO₂), R-290 (propane), R-600a (isobutane), and R-717 (ammonia) all have GWP under 10 and are not subject to any phase-down.","phase-down","verify: phase-down (AIM Act allowances / Kigali)"
"/refrigerant-comparison-guide/","""Phased out"" :","phased out","review"
"/refrigerant-comparison-guide/","phase-out timelines</a></li>","phase-out","review"
"/refrigerant-comparison-guide/","specification, regulatory phase-down status usually dominates.","phase-down","verify: phase-down (AIM Act allowances / Kigali)"
"/refrigerant-comparison-guide/","These drive regulatory phase-downs.</li>","phase-down","verify: phase-down (AIM Act allowances / Kigali)"
"/refrigerant-comparison-guide/","<li><strong>Regulatory status</strong> — Montreal Protocol (ozone), AIM Act / EU F-Gas Regulation","F-Gas","R3: EU claim = eu(ref) only; frame as 517/2014 replaced by 2024/573 (11 Mar 2024)"
"/refrigerant-comparison-guide/","(climate), SNAP acceptable-use designations.","SNAP","review"
"/refrigerant-comparison-guide/","The Montreal Protocol (1987 and subsequent amendments) phased out CFCs (US:","phased out","R5: 'US production/import of CFCs ended January 1, 1996 (EPA)'"
"/refrigerant-comparison-guide/","The AIM Act and EU F-Gas Regulation phase down HFCs based on GWP thresholds.","F-Gas","R3: EU claim = eu(ref) only; frame as 517/2014 replaced by 2024/573 (11 Mar 2024)"
"/refrigerant-comparison-guide/","phase-out timelines</h2>","phase-out","review"
"/refrigerant-comparison-guide/","<strong>Montreal Protocol (1987, amended).</strong> International treaty mandating phase-out of","phase-out","review: Montreal (CFC/HCFC ODS context)"
"/refrigerant-comparison-guide/","banned 1996.","banned","review"
"/refrigerant-comparison-guide/","HCFC production phase-out:","phase-out","R5: 'US production/import of CFCs ended January 1, 1996 (EPA)'"
"/refrigerant-comparison-guide/","R-141b production banned 2003;","banned","review"
"/refrigerant-comparison-guide/","R-22 production banned 2020","banned","review"
"/refrigerant-comparison-guide/","R-123 production banned 2020.","banned","review"
"/refrigerant-comparison-guide/","Montreal Protocol&apos;s Kigali Amendment (2016, US ratified 2022) extends to HFC phase-down.","phase-down","R4: Kigali only for HFC phase-down; counts from kigali block"
"/refrigerant-comparison-guide/","<strong>AIM Act (2020, implementing Kigali Amendment).</strong> US HFC phase-down under EPA SNAP","SNAP","R4: Kigali only for HFC phase-down; counts from kigali block"
"/refrigerant-comparison-guide/","The phase-down continues through 2036.","phase-down","verify: phase-down (AIM Act allowances / Kigali)"
"/refrigerant-comparison-guide/","<strong>EU F-Gas Regulation 517/2014 (revised 2024).</strong> European HFC phase-down with quota-based","F-Gas","R3: EU claim = eu(ref) only; frame as 517/2014 replaced by 2024/573 (11 Mar 2024)"
"/refrigerant-comparison-guide/","<strong>EPA SNAP (Significant New Alternatives Policy).</strong> US program listing acceptable substitutes","SNAP","review"
"/refrigerant-comparison-guide/","SNAP listings determine which refrigerants are legally","SNAP","review"
"/refrigerant-comparison-guide/","Most modern HFOs and A2L blends have SNAP acceptable-use designations","SNAP","review"
"/refrigerant-comparison-guide/","R-22 is banned for new equipment.</li>","banned","R1: US ban must be engine-derived (subsector+date+limit+para) or deleted"
"/refrigerant-comparison-guide/","<strong>Refrigerant cost trends.</strong> Reclaimed R-22 (phased out 2020) is increasingly expensive as","phased out","review"
"/refrigerant-comparison-guide/","R-410A pricing has risen sharply as AIM Act production allocations decrease through 2025.","AIM Act","review"
"/refrigerant-comparison-guide/","R-22 retrofit blends face their own AIM Act restrictions — they&apos;re a bridge, not a destination.","AIM Act","review"
"/refrigerant-comparison-guide/","R-404A (GWP 3922) faces aggressive AIM Act phase-down.","phase-down","verify: phase-down (AIM Act allowances / Kigali)"
"/refrigerant-comparison-guide/","compliance — significant capital investment but eliminates HFC phase-down risk.","phase-down","verify: phase-down (AIM Act allowances / Kigali)"
"/refrigerant-comparison-guide/","R-123 was the dominant low-pressure centrifugal chiller refrigerant for decades — production banned","banned","review"
"/refrigerant-comparison-guide/","R-134a chillers face AIM Act restrictions for new equipment.","AIM Act","review"
"/refrigerant-comparison-guide/","caption=""R-404A and R-507A are the high-GWP legacy refrigerants under AIM Act phase-down.","phase-down","verify: phase-down (AIM Act allowances / Kigali)"
"/refrigerant-comparison-guide/","caption=""R-123 (production banned 2020) and R-134a are the historical chiller refrigerants.","banned","review"
"/refrigerant-comparison-guide/","<p className=""mt-1 text-xs text-zinc-600 dark:text-zinc-400"">All 60 refrigerants sorted by ASHRAE class with phase-down status.</p>","phase-down","verify: phase-down (AIM Act allowances / Kigali)"
"/refrigerant-comparison-guide/","<li>IPCC AR4 — the values the AIM Act uses as exchange values;","AIM Act","review"
"/refrigerant-comparison-guide/","<li>AIM Act (Public Law 116-260) and EPA implementation rulemaking — HFC phase-down schedule</li>","phase-down","verify: phase-down (AIM Act allowances / Kigali)"
"/refrigerant-comparison-guide/","<li>EPA SNAP — Significant New Alternatives Policy acceptable-use designations</li>","SNAP","review"
"/refrigerant-comparison-guide/","<li>EU F-Gas Regulation 517/2014 (revised 2024) — EU HFC phase-down framework</li>","F-Gas","R3: EU claim = eu(ref) only; frame as 517/2014 replaced by 2024/573 (11 Mar 2024)"
"/refrigerant-comparison-guide/","<li>Montreal Protocol and Kigali Amendment — international ozone and HFC regulation</li>","Kigali","R4: Kigali only for HFC phase-down; counts from kigali block"
"/refrigerant-gwp-rankings/","const EPA_8454 = ""https://www.ecfr.gov/current/title-40/chapter-I/subchapter-C/part-84/subpart-B/section-84.54"";","84.54","verify: cite 40 CFR 84.54 (Technology Transitions) source"
"/refrigerant-gwp-rankings/","const KIGALI_RATIFICATIONS = ""https://ozone.unep.org/all-ratifications"";","Kigali","review"
"/refrigerant-gwp-rankings/","(<a href={EPA_8454} className=""underline"" target=""_blank"" rel=""nofollow noopener"">40 CFR 84.54(a)(1)</a>).","84.54","verify: cite 40 CFR 84.54 (Technology Transitions) source"
"/refrigerant-gwp-rankings/","<a href={EPA_8454} className=""underline"" target=""_blank"" rel=""nofollow noopener"">40 CFR 84.54</a>.","84.54","verify: cite 40 CFR 84.54 (Technology Transitions) source"
"/refrigerant-gwp-rankings/","chlorine-bearing CFCs and HCFCs phased out for ozone depletion (Montreal Protocol 1987),","phased out","R5: 'US production/import of CFCs ended January 1, 1996 (EPA)'"
"/refrigerant-gwp-rankings/","then high-GWP HFCs phased down for climate impact (Kigali Amendment 2016, EU F-Gas, AIM Act 2020).","F-Gas","R3: EU claim = eu(ref) only; frame as 517/2014 replaced by 2024/573 (11 Mar 2024)"
"/refrigerant-gwp-rankings/","Being phased down under the AIM Act and EU F-Gas Regulation;","F-Gas","R3: EU claim = eu(ref) only; frame as 517/2014 replaced by 2024/573 (11 Mar 2024)"
"/refrigerant-gwp-rankings/","The AIM Act Technology Transitions rule restricts new equipment by GWP, but the limit and effective date","Technology Transitions","verify: cite 40 CFR 84.54 (Technology Transitions) source"
"/refrigerant-gwp-rankings/","700, effective January 1, 2025 (§84.54(a)(1)).","84.54","verify: cite 40 CFR 84.54 (Technology Transitions) source"
"/refrigerant-gwp-rankings/","production declines on an allowance schedule rather than being banned outright.","banned","R8: allowance schedule must match phasedown block (30%/20%/15%)"
"/refrigerant-gwp-rankings/","AIM Act exchange values are the IPCC AR4 values.","AIM Act","review"
"/refrigerant-gwp-rankings/","The EU&apos;s 2024 F-gas Regulation uses AR4 for HFCs","F-Gas","R3: EU claim = eu(ref) only; frame as 517/2014 replaced by 2024/573 (11 Mar 2024)"
"/refrigerant-gwp-rankings/","2024/573</a>, recital 8).","2024/573","R3: EU claim = eu(ref) only; frame as 517/2014 replaced by 2024/573 (11 Mar 2024)"
"/refrigerant-gwp-rankings/","The Montreal Protocol has 198 parties;","Montreal","review: Montreal (CFC/HCFC ODS context)"
"/refrigerant-gwp-rankings/","174 of them have ratified the Kigali Amendment (as of 10 August","Kigali","R4: Kigali only for HFC phase-down; counts from kigali block"
"/refrigerant-gwp-rankings/","<a href={KIGALI_RATIFICATIONS} className=""underline"" target=""_blank"" rel=""nofollow noopener"">UNEP Ozone","Kigali","review"
"/refrigerant-gwp-rankings/","Kigali coordinates an HFC phase-down;","phase-down","R4: Kigali only for HFC phase-down; counts from kigali block"
"/refrigerant-gwp-rankings/","the AIM Act and the EU F-Gas Regulation are the","F-Gas","R3: EU claim = eu(ref) only; frame as 517/2014 replaced by 2024/573 (11 Mar 2024)"
"/refrigerant-gwp-rankings/","0.00024–0.00034 per EPA SNAP Determination 29","SNAP","review"
"/refrigerant-gwp-rankings/","SNAP Determination 35 (84 FR 64765, November 25, 2019).","SNAP","review"
"/refrigerant-prices-guide/","Why Costs Keep Rising (AIM Act, F-Gas)"",","F-Gas","R3: EU claim = eu(ref) only; frame as 517/2014 replaced by 2024/573 (11 Mar 2024)"
"/refrigerant-prices-guide/","""How AIM Act phase-down, EU F-Gas Regulation, and the virgin/reclaimed/recycled tier structure determine refrigerant prices.","F-Gas","R3: EU claim = eu(ref) only; frame as 517/2014 replaced by 2024/573 (11 Mar 2024)"
"/refrigerant-prices-guide/","""What is the AIM Act and why is it driving HFC prices up?"",","AIM Act","review"
"/refrigerant-prices-guide/","This is the same mechanism the EU has used since 2014 under F-Gas Regulation 517/2014 (now superseded by EU 2024/573 with an accelerated schedule)."",","F-Gas","R3: EU claim = eu(ref) only; frame as 517/2014 replaced by 2024/573 (11 Mar 2024)"
"/refrigerant-prices-guide/","""Which refrigerants are affected by the AIM Act phase-down?"",","phase-down","verify: phase-down (AIM Act allowances / Kigali)"
"/refrigerant-prices-guide/","""The AIM Act covers 18 specific HFCs and HFC blends as listed in its statutory schedule, weighted by 100-year global warming potential (GWP).","AIM Act","review"
"/refrigerant-prices-guide/","HFOs (R-1234yf, R-1234ze, R-1233zd) which have GWP under 10, naturals (R-744 CO2, R-290 propane, R-717 ammonia) which aren't HFCs, and HFC/HFO blends below 700 GWP (R-454B at GWP 465, R-454C at GWP 146, R-455A at GWP 146) which are exempt from the EPA Technology Transitions rule's NEW EQUIPMENT prohibition but their constituents are still in the allowance pool.","prohibit","R1: US ban must be engine-derived (subsector+date+limit+para) or deleted"
"/refrigerant-prices-guide/","The phase-down affects the producer/importer level;","phase-down","verify: phase-down (AIM Act allowances / Kigali)"
"/refrigerant-prices-guide/","Virgin R-22 production and import was prohibited in the US on January 1, 2020 under the Montreal Protocol HCFC phase-out — there is no legal source of new R-22 in the US market.","prohibit","R5: 'US production/import of CFCs ended January 1, 1996 (EPA)'"
"/refrigerant-prices-guide/","Subject to AIM Act allowance for HFCs.","AIM Act","R8: allowance schedule must match phasedown block (30%/20%/15%)"
"/refrigerant-prices-guide/","R-22 is reclaim-only since the 2020 production ban, and its price has risen sharply, so recharging an aging R-22 system is an increasingly expensive recurring cost.","ban","review"
"/refrigerant-prices-guide/","R-22 prices rose because production was prohibited globally under Montreal Protocol Annex C.","prohibit","R1: US ban must be engine-derived (subsector+date+limit+para) or deleted"
"/refrigerant-prices-guide/","A2Ls like R-32 and R-454B are the AIM Act's intended replacement chemistry — they're below the 700 GWP threshold that triggers Technology Transitions equipment-sale restrictions, so production and import are not under the same quota pressure.","Technology Transitions","verify: cite 40 CFR 84.54 (Technology Transitions) source"
"/refrigerant-prices-guide/","AIM Act statutory exemption structure + AHRI A2L Transition guidance + manufacturer pricing trends in publicly traded refrigerant producer SEC filings."",","AIM Act","review"
"/refrigerant-prices-guide/","""Why Refrigerant Prices Keep Rising — AIM Act, EU F-Gas, and the Three-Tier Pricing Structure"",","F-Gas","R3: EU claim = eu(ref) only; frame as 517/2014 replaced by 2024/573 (11 Mar 2024)"
"/refrigerant-prices-guide/","""How the AIM Act HFC phase-down, EU F-Gas Regulation, and the virgin/reclaimed/recycled tier structure determine refrigerant prices.","F-Gas","R3: EU claim = eu(ref) only; frame as 517/2014 replaced by 2024/573 (11 Mar 2024)"
"/refrigerant-prices-guide/","Sourced from 40 CFR Part 84, EU 517/2014, AHRI 700-2019, and Hudson Technologies SEC filings."",","517/2014","R3: EU claim = eu(ref) only; frame as 517/2014 replaced by 2024/573 (11 Mar 2024)"
"/refrigerant-prices-guide/","""AIM Act phase-down"" },","phase-down","verify: phase-down (AIM Act allowances / Kigali)"
"/refrigerant-prices-guide/","""EU F-Gas Regulation"" },","F-Gas","R3: EU claim = eu(ref) only; frame as 517/2014 replaced by 2024/573 (11 Mar 2024)"
"/refrigerant-prices-guide/","""aim act prices"",","AIM Act","review"
"/refrigerant-prices-guide/","""HFC phase-down pricing"",","phase-down","verify: phase-down (AIM Act allowances / Kigali)"
"/refrigerant-prices-guide/","""eu f-gas pricing"",","F-Gas","review"
"/refrigerant-prices-guide/","Why Refrigerant Prices Keep Rising — The AIM Act, EU F-Gas Phase-Down, and the Three-Tier Pricing Structure","F-Gas","R3: EU claim = eu(ref) only; frame as 517/2014 replaced by 2024/573 (11 Mar 2024)"
"/refrigerant-prices-guide/","Every claim sourced from public regulatory documents (40 CFR Part 84, EU Regulation 517/2014, AHRI Standard 700-2019) or financial filings (Hudson Technologies SEC reports).","517/2014","R3: EU claim = eu(ref) only; frame as 517/2014 replaced by 2024/573 (11 Mar 2024)"
"/refrigerant-prices-guide/","<strong>What we publish:</strong> the regulatory and market mechanics that determine refrigerant prices, sourced from primary documents (AIM Act statute, EPA implementing regulations, EU F-Gas regulation, AHRI 700 specification, SEC filings of publicly-traded refrigerant producers and reclaimers).","F-Gas","R3: EU claim = eu(ref) only; frame as 517/2014 replaced by 2024/573 (11 Mar 2024)"
"/refrigerant-prices-guide/","For 30 years between the Montreal Protocol&apos;s entry into force (1989) and the AIM Act&apos;s passage (2020), HVAC refrigerant pricing was largely stable.","Montreal","review: Montreal (CFC/HCFC ODS context)"
"/refrigerant-prices-guide/","CFC pricing collapsed as the Montreal Protocol phased CFCs out.","Montreal","review: Montreal (CFC/HCFC ODS context)"
"/refrigerant-prices-guide/","HCFC (R-22) pricing followed the same downward path as Montreal Protocol&apos;s Annex C schedule reduced supply, then reversed sharply after the 2020 US production ban.","ban","R5: 'US production/import of CFCs ended January 1, 1996 (EPA)'"
"/refrigerant-prices-guide/","HFCs (R-410A, R-134a, R-404A) entered the market as the Montreal-compliant replacement and traded at commodity-style pricing through the 2010s.","Montreal","review: Montreal (CFC/HCFC ODS context)"
"/refrigerant-prices-guide/","That changed structurally on December 27, 2020 when the American Innovation and Manufacturing Act (AIM Act) was signed into law as part of the Consolidated Appropriations Act, 2021 (Public Law 116-260 Division S).","AIM Act","review"
"/refrigerant-prices-guide/","AIM Act directed EPA to phase down US production and consumption of 18 specific HFCs by 85% over 15 years.","AIM Act","review"
"/refrigerant-prices-guide/","EPA implemented the phase-down through 40 CFR Part 84 (Final Rule published October 2021, updated annually).","phase-down","verify: phase-down (AIM Act allowances / Kigali)"
"/refrigerant-prices-guide/","title=""AIM Act HFC production phase-down — % of 2011-2013 baseline""","phase-down","verify: phase-down (AIM Act allowances / Kigali)"
"/refrigerant-prices-guide/","caption=""The AIM Act phase-down schedule.","phase-down","verify: phase-down (AIM Act allowances / Kigali)"
"/refrigerant-prices-guide/","The European Union runs a parallel mechanism under EU Regulation 517/2014 (entered into force January 2015, recently superseded by EU 2024/573 in March 2024 with an accelerated schedule).","517/2014","R3: EU claim = eu(ref) only; frame as 517/2014 replaced by 2024/573 (11 Mar 2024)"
"/refrigerant-prices-guide/","Together AIM Act and EU F-Gas affect roughly 60% of global HFC consumption.","F-Gas","R3: EU claim = eu(ref) only; frame as 517/2014 replaced by 2024/573 (11 Mar 2024)"
"/refrigerant-prices-guide/","{/* SECTION 02 — AIM Act mechanics */}","AIM Act","review"
"/refrigerant-prices-guide/","The AIM Act phase-down schedule (40 CFR Part 84)","phase-down","verify: phase-down (AIM Act allowances / Kigali)"
"/refrigerant-prices-guide/","The statutory schedule from AIM Act Section 60(e)(2)(C):","AIM Act","review"
"/refrigerant-prices-guide/","AIM Act Section 60, codified at 42 USC § 7675;","AIM Act","review"
"/refrigerant-prices-guide/","{/* SECTION 03 — EU F-Gas */}","F-Gas","R3: EU claim = eu(ref) only; frame as 517/2014 replaced by 2024/573 (11 Mar 2024)"
"/refrigerant-prices-guide/","EU F-Gas — the parallel mechanism (and its accelerating recast)","F-Gas","R3: EU claim = eu(ref) only; frame as 517/2014 replaced by 2024/573 (11 Mar 2024)"
"/refrigerant-prices-guide/","EU Regulation 517/2014 (effective January 2015) established the European HFC phase-down on a similar schedule to AIM Act, also denominated in CO2-equivalent tons.","517/2014","R3: EU claim = eu(ref) only; frame as 517/2014 replaced by 2024/573 (11 Mar 2024)"
"/refrigerant-prices-guide/","In March 2024 the EU enacted Regulation 2024/573, which substantially accelerated the schedule and added new sector-specific equipment prohibitions:","2024/573","R3: EU claim = eu(ref) only; frame as 517/2014 replaced by 2024/573 (11 Mar 2024)"
"/refrigerant-prices-guide/","headers={[""Year"", ""EU 517/2014 (original)"", ""EU 2024/573 (recast)"", ""Practical effect""]}","517/2014","R3: EU claim = eu(ref) only; frame as 517/2014 replaced by 2024/573 (11 Mar 2024)"
"/refrigerant-prices-guide/","[""(not specified)"", ""95% reduction"", ""Near-complete HFC phase-out""] },","phase-out","review"
"/refrigerant-prices-guide/","Combined with AIM Act&apos;s North American regulatory pressure, the global wholesale HFC market is under tightening supply for the foreseeable future.","AIM Act","review"
"/refrigerant-prices-guide/","Under the Montreal Protocol&apos;s HCFC schedule (40 CFR Part 82 Subpart A), US production and import were progressively reduced through the 2010s and prohibited entirely on January 1, 2020.","prohibit","R5: 'US production/import of CFCs ended January 1, 1996 (EPA)'"
"/refrigerant-prices-guide/","[""Production + import banned;","banned","review"
"/refrigerant-prices-guide/","R-410A and R-404A are not yet at this point — AIM Act caps virgin production but does not ban it — but the EU 2024/573 recast moves R-410A close to this state by 2030, and equivalent US restrictions are under consideration in EPA&apos;s Technology Transitions rulemaking.","2024/573","R3: EU claim = eu(ref) only; frame as 517/2014 replaced by 2024/573 (11 Mar 2024)"
"/refrigerant-prices-guide/","Current state — where we are in the AIM Act phase-down","phase-down","verify: phase-down (AIM Act allowances / Kigali)"
"/refrigerant-prices-guide/","As of 2026, the US is in the second AIM Act tier:","AIM Act","review"
"/refrigerant-prices-guide/","EPA&apos;s Technology Transitions Final Rule (October 2023, 40 CFR Part 84 Subpart B) added equipment-level prohibitions for new high-GWP HFC equipment in specific sectors.","prohibit","verify: cite 40 CFR 84.54 (Technology Transitions) source"
"/refrigerant-prices-guide/","US EPA restricts the manufacture and import of new self-contained residential and light-commercial air conditioners and heat pumps that use a refrigerant with a GWP of 700 or more, effective January 1, 2025 (<a href=""https://www.ecfr.gov/current/title-40/chapter-I/subchapter-C/part-84/subpart-B/section-84.54"" className=""underline"" target=""_blank"" rel=""noopener noreferrer"">40 CFR 84.54(a)(1)</a>);","84.54","verify: cite 40 CFR 84.54 (Technology Transitions) source"
"/refrigerant-prices-guide/","headers={[""Refrigerant"", ""AIM Act exposure"", ""Equipment sale status (US, 2026)"", ""Service supply""]}","AIM Act","review"
"/refrigerant-prices-guide/","Montreal Protocol"", ""New equipment banned since 2010"", ""Reclaim only since 2020""] },","banned","R1: US ban must be engine-derived (subsector+date+limit+para) or deleted"
"/refrigerant-prices-guide/","[""Subject to HFC allowance"", ""Mobile AC equipment phased out 2014-2017;","phased out","R8: allowance schedule must match phasedown block (30%/20%/15%)"
"/refrigerant-prices-guide/","[""Exempt from 700 GWP equipment ban"", ""New equipment allowed"", ""Virgin available;","ban","R1: US ban must be engine-derived (subsector+date+limit+para) or deleted"
"/refrigerant-prices-guide/","EPA Technology Transitions Final Rule (October 2023);","Technology Transitions","verify: cite 40 CFR 84.54 (Technology Transitions) source"
"/refrigerant-prices-guide/","AIM Act Section 60 implementing regulations at 40 CFR Part 84 Subparts A and B;","AIM Act","review"
"/refrigerant-prices-guide/","EPA SNAP determinations for each refrigerant at 40 CFR Part 82 Subpart G.","SNAP","review"
"/refrigerant-prices-guide/","subject to AIM Act allowance constraint, which directly determines wholesale pricing through the producer&apos;s allowance cost.","AIM Act","R8: allowance schedule must match phasedown block (30%/20%/15%)"
"/refrigerant-prices-guide/","The reclaim pool is the structural price-relief mechanism as virgin supply tightens — reclaimed R-22 became 100% of US R-22 supply after the 2020 production ban;","ban","R1: US ban must be engine-derived (subsector+date+limit+para) or deleted"
"/refrigerant-prices-guide/","reclaimed R-410A is growing rapidly under AIM Act allowance pressure.","AIM Act","R8: allowance schedule must match phasedown block (30%/20%/15%)"
"/refrigerant-prices-guide/","using approved on-site equipment (filter-driers, oil separators per EPA SNAP).","SNAP","review"
"/refrigerant-prices-guide/","Because Hudson is SEC-registered, their quarterly and annual financial reports — filed under regulatory oversight that prohibits material misstatement — are a primary source for refrigerant market trends.","prohibit","R1: US ban must be engine-derived (subsector+date+limit+para) or deleted"
"/refrigerant-prices-guide/","<li><strong>Investor day presentations and earnings call transcripts</strong> include forward-looking commentary on AIM Act phase-down effects, reclaim supply dynamics, and pricing expectations.","phase-down","verify: phase-down (AIM Act allowances / Kigali)"
"/refrigerant-prices-guide/","Their commentary directly reflects the wholesale price dynamics for reclaimed R-22, R-410A, and other AIM Act-covered HFCs.","AIM Act","review"
"/refrigerant-prices-guide/","<strong>Statutory and regulatory primary sources:</strong> American Innovation and Manufacturing Act of 2020 (AIM Act), Public Law 116-260 Division S, signed December 27, 2020, codified at 42 USC § 7675.","AIM Act","review"
"/refrigerant-prices-guide/","EPA implementing regulations at 40 CFR Part 84 (allowance system) and Subpart B (Technology Transitions, Final Rule October 2023).","Technology Transitions","R8: allowance schedule must match phasedown block (30%/20%/15%)"
"/refrigerant-prices-guide/","EPA SNAP determinations at 40 CFR Part 82 Subpart G.","SNAP","review"
"/refrigerant-prices-guide/","Montreal Protocol implementing regulations at 40 CFR Part 82 Subpart A (HCFC phase-down) and Subpart F (Section 608 refrigerant management).","phase-down","review: Montreal (CFC/HCFC ODS context)"
"/refrigerant-prices-guide/","<strong>EU regulatory sources:</strong> Regulation (EU) No 517/2014 on fluorinated greenhouse gases (entered into force January 2015, repealed January 2025 by Regulation 2024/573).","517/2014","R3: EU claim = eu(ref) only; frame as 517/2014 replaced by 2024/573 (11 Mar 2024)"
"/refrigerant-prices-guide/","Regulation (EU) 2024/573 of the European Parliament and of the Council of 7 February 2024 on fluorinated greenhouse gases (the recast, accelerated phase-down schedule).","2024/573","R3: EU claim = eu(ref) only; frame as 517/2014 replaced by 2024/573 (11 Mar 2024)"
"/refrigerant-prices-guide/","aging is therefore graceful — the regulatory and structural arguments remain valid as the AIM Act and EU F-Gas schedules continue to execute.","F-Gas","R3: EU claim = eu(ref) only; frame as 517/2014 replaced by 2024/573 (11 Mar 2024)"
"/refrigerant-prices-guide/","<p className=""mt-1 text-sm text-zinc-600 dark:text-zinc-400"">Phase-out history, regulatory context, current service supply via reclaim.</p>","phase-out","review"
"/refrigerant-prices-guide/","<p className=""mt-1 text-sm text-zinc-600 dark:text-zinc-400"">AIM Act exposure, current allowance status, A2L transition timeline.</p>","AIM Act","R8: allowance schedule must match phasedown block (30%/20%/15%)"
"/refrigerant-prices-guide/","<p className=""mt-1 text-sm text-zinc-600 dark:text-zinc-400"">AIM Act 700-GWP threshold, EU F-Gas 150-GWP threshold marked.</p>","F-Gas","R3: EU claim = eu(ref) only; frame as 517/2014 replaced by 2024/573 (11 Mar 2024)"
"/refrigerant-pt-comparison-tool/","(5) phase-down trajectory visualization — showing pressure envelope evolution across a refrigerant family over decades."",","phase-down","verify: phase-down (AIM Act allowances / Kigali)"
"/refrigerant-pt-comparison-tool/","Useful for R22 retrofit, R410A phase-down (R32 vs R454B), and R404A commercial transitions."",","phase-down","verify: phase-down (AIM Act allowances / Kigali)"
"/refrigerant-pt-comparison-tool/","""Six common comparison presets (residential phase-down, commercial LT, mobile AC, retrofit, etc.)"",","phase-down","verify: phase-down (AIM Act allowances / Kigali)"
"/refrigerant-pt-comparison-tool/","""Tool starts with R-22, R-410A, R-32, and R-454B — the residential AC phase-down trajectory."",","phase-down","verify: phase-down (AIM Act allowances / Kigali)"
"/refrigerant-pt-comparison-tool/","<tr className=""border-b border-zinc-100 dark:border-zinc-900""><td className=""py-1.5"">Residential AC phase-down</td><td className=""py-1.5 font-mono text-xs"">R-22 · R-410A · R-32 · R-454B</td><td className=""py-1.5 text-xs"">Pressure envelope trajectory across HCFC → HFC → A2L</td></tr>","phase-down","verify: phase-down (AIM Act allowances / Kigali)"
"/refrigerant-pt-comparison-tool/","<tr className=""border-b border-zinc-100 dark:border-zinc-900""><td className=""py-1.5"">Commercial LT low-GWP</td><td className=""py-1.5 font-mono text-xs"">R-404A · R-448A · R-449A · R-454C</td><td className=""py-1.5 text-xs"">AIM Act compliance path;","AIM Act","review"
"/refrigerant-pt-comparison-tool/","scenario=""Selecting between R-32 and R-410A for new residential AC equipment in the 2026 AIM Act-driven transition.","AIM Act","review"
"/refrigerant-pt-comparison-tool/","AIM Act prohibits R-404A in new commercial refrigeration.","prohibit","R1: US ban must be engine-derived (subsector+date+limit+para) or deleted"
"/refrigerant-pt-comparison-tool/","For new LT walk-in equipment specification under AIM Act, R-454C is one of the","AIM Act","review"
"/refrigerant-pt-comparison-tool/","scenario=""2017+ vehicle production transitioned from R-134a to R-1234yf for global GWP compliance (EU MAC Directive, US EPA SNAP).","SNAP","review"
"/refrigerant-pt-comparison-tool/","scenario=""Centrifugal water-cooled chiller, R-134a, due for refrigerant transition (AIM Act, lower GWP).","AIM Act","review"
"/refrigerant-pt-comparison-tool/","<strong>AIM Act (40 CFR Part 84)</strong> — phase-down schedule for","phase-down","verify: phase-down (AIM Act allowances / Kigali)"
"/refrigerant-pt-comparison-tool/","<strong>EU F-Gas Regulation (517/2014, 2024/573)</strong> — European phase-down","F-Gas","R3: EU claim = eu(ref) only; frame as 517/2014 replaced by 2024/573 (11 Mar 2024)"
"/refrigerant-retrofit-compatibility-calculator/","""Detailed narrative on the residential AC phase-down decision."" },","phase-down","verify: phase-down (AIM Act allowances / Kigali)"
"/refrigerant-retrofit-compatibility-calculator/","""The actual A1-to-A2L phase-down decision with retrofit-reality context."" },","phase-down","verify: phase-down (AIM Act allowances / Kigali)"
"/refrigerant-retrofit-compatibility-calculator/","<TechSection icon=""climate"" tone=""amber"" title=""AIM Act phase-down — the regulatory driver"">","phase-down","verify: phase-down (AIM Act allowances / Kigali)"
"/refrigerant-retrofit-compatibility-calculator/","The AIM Act (40 CFR Part 84) caps HFC production and import in the US on a","AIM Act","review"
"/refrigerant-retrofit-compatibility-calculator/","The phase-down forces transitions from high-GWP HFCs (R-410A, R-404A,","phase-down","verify: phase-down (AIM Act allowances / Kigali)"
"/refrigerant-retrofit-compatibility-calculator/","retrofit compatibility analysis becomes increasingly important as the phase-down","phase-down","verify: phase-down (AIM Act allowances / Kigali)"
"/refrigerant-retrofit-compatibility-calculator/","<Panel title=""AIM Act sector compliance dates"" icon={TableIcon}>","AIM Act","review"
"/refrigerant-retrofit-compatibility-calculator/","The residential / light-commercial AC prohibition is the 700-GWP rule at 40 CFR 84.54(a)(1);","prohibit","R1: US ban must be engine-derived (subsector+date+limit+para) or deleted"
"/refrigerant-retrofit-compatibility-calculator/","limits differ by equipment type and subsector — see <a href=""https://www.ecfr.gov/current/title-40/chapter-I/subchapter-C/part-84/subpart-B/section-84.54"" className=""underline"" target=""_blank"" rel=""noopener noreferrer"">40 CFR 84.54</a>.","84.54","verify: cite 40 CFR 84.54 (Technology Transitions) source"
"/refrigerant-retrofit-compatibility-calculator/","options (R-407C, R-454C) so plan for AIM Act-driven phase-out within the next","phase-out","R1: US ban must be engine-derived (subsector+date+limit+para) or deleted"
"/refrigerant-retrofit-compatibility-calculator/","AIM Act-aligned A2L equipment with sub-700 GWP).","AIM Act","review"
"/refrigerant-retrofit-compatibility-calculator/","available and are the AIM Act-aligned replacement for R-410A.","AIM Act","review"
"/refrigerant-retrofit-compatibility-calculator/","AIM Act prohibits R-404A in new equipment;","prohibit","R1: US ban must be engine-derived (subsector+date+limit+para) or deleted"
"/refrigerant-retrofit-compatibility-calculator/","AIM Act compliance benefit.","AIM Act","review"
"/refrigerant-retrofit-compatibility-calculator/","<strong>AIM Act (40 CFR Part 84)</strong> — HFC phase-down schedule, sector","phase-down","verify: phase-down (AIM Act allowances / Kigali)"
"/refrigerant-retrofit-compatibility-calculator/","<strong>EPA SNAP (40 CFR Part 82 Subpart G)</strong> — Significant New","SNAP","review"
"/refrigerant-safety-classifications/","AC refrigerants under the AIM Act.","AIM Act","review"
"/refrigerant-safety-classifications/","<tr className=""border-b border-zinc-100 dark:border-zinc-900""><td className=""py-1.5"">1987-2010s</td><td className=""py-1.5 text-xs"">HCFCs (R-22, R-123) — A1/B1</td><td className=""py-1.5 text-xs"">Montreal Protocol forced CFC phase-out;","phase-out","R5: 'US production/import of CFCs ended January 1, 1996 (EPA)'"
"/refrigerant-safety-classifications/","<tr className=""border-b border-zinc-100 dark:border-zinc-900""><td className=""py-1.5"">2000s-2020s</td><td className=""py-1.5 text-xs"">HFCs (R-410A, R-134a, R-404A) — A1</td><td className=""py-1.5 text-xs"">HCFC phase-out (R-22 ends 2020);","phase-out","R5: 'US production/import of CFCs ended January 1, 1996 (EPA)'"
"/refrigerant-safety-classifications/","<tr><td className=""py-1.5"">2020s-2030s</td><td className=""py-1.5 text-xs"">A2L (R-32, R-454B, R-454C) + naturals (R-744, R-290, R-717)</td><td className=""py-1.5 text-xs"">AIM Act + EU F-Gas climate phase-down.","F-Gas","R3: EU claim = eu(ref) only; frame as 517/2014 replaced by 2024/573 (11 Mar 2024)"
"/refrigerant-safety-classifications/","The AIM Act phase-down forces residential AC away from R-410A (A1, GWP 2088).","phase-down","verify: phase-down (AIM Act allowances / Kigali)"
"/refrigerant-safety-classifications/","<tr><td className=""py-1.5""><strong>EPA SNAP listing</strong></td><td className=""py-1.5 text-xs"">SNAP (40 CFR Part 82 Subpart G) — refrigerants approved by end-use sector with use conditions.</td><td className=""py-1.5 text-xs"">Free at epa.gov/snap</td></tr>","SNAP","review"
"/refrigerant-safety-classifications/","Cross-check with EPA SNAP for approved applications.","SNAP","review"
"/saturation-properties-calculator/","<tr className=""border-b border-zinc-100 dark:border-zinc-900""><td className=""text-left"">R-22</td><td className=""text-right"">205.1</td><td className=""text-right"">722.2</td><td className=""text-right"">−41.4</td><td className=""text-right"">86.5</td><td className=""text-xs text-left font-sans"">Legacy HCFC, phased out 2020</td></tr>","phased out","R5: 'US production/import of CFCs ended January 1, 1996 (EPA)'"
"/saturation-properties-calculator/","<tr className=""border-b border-zinc-100 dark:border-zinc-900""><td className=""text-left"">R-404A</td><td className=""text-right"">161.6</td><td className=""text-right"">540.4</td><td className=""text-right"">−51.6</td><td className=""text-right"">97.6</td><td className=""text-xs text-left font-sans"">Legacy LT commercial HFC, AIM Act</td></tr>","AIM Act","review"
"/terms-of-service/","<strong>Not an authoritative regulatory source.</strong> Regulatory status (AIM Act, SNAP, Montreal","SNAP","review: Montreal (CFC/HCFC ODS context)"
"/terms-of-service/","Protocol, EU F-Gas) is reported as a reference;","F-Gas","R3: EU claim = eu(ref) only; frame as 517/2014 replaced by 2024/573 (11 Mar 2024)"
"src/components/calculators/CarrierChargingLookup.tsx","type Snapshot = {","SNAP","review"
"src/components/calculators/CarrierChargingLookup.tsx","const [snapshot, setSnapshot] = useState<Snapshot | null>(null);","SNAP","review"
"src/components/calculators/CarrierChargingLookup.tsx","setSnapshot({ inputs:","SNAP","review"
"src/components/calculators/CarrierChargingLookup.tsx","{snapshot ?","SNAP","review"
"src/components/calculators/CarrierChargingLookup.tsx","<ResultsSection snapshot={snapshot} ptChart={ptChart} />","SNAP","review"
"src/components/calculators/CarrierChargingLookup.tsx","the widget snaps your inputs down to the nearest published wet-bulb column and outdoor-temp row).","SNAP","review"
"src/components/calculators/CarrierChargingLookup.tsx","function ResultsSection({ snapshot, ptChart }:","SNAP","review"
"src/components/calculators/CarrierChargingLookup.tsx","{ snapshot:","SNAP","review"
"src/components/calculators/CarrierChargingLookup.tsx","Snapshot;","SNAP","review"
"src/components/calculators/CarrierChargingLookup.tsx","const isExtreme = snapshot.targetSH === null;","SNAP","review"
"src/components/calculators/CarrierChargingLookup.tsx","<ChargingChartHeatmap snapshot={snapshot} />","SNAP","review"
"src/components/calculators/CarrierChargingLookup.tsx","<strong>Do not charge under these conditions.</strong> Carrier marks {snapshot.wbRow}°F WB × {snapshot.odCol}°F OD as &quot;—&quot;","SNAP","review"
"src/components/calculators/CarrierChargingLookup.tsx","<div className=""mt-1 font-mono text-4xl font-bold text-blue-700 dark:text-blue-300"">{snapshot.targetSH}°F</div>","SNAP","review"
"src/components/calculators/CarrierChargingLookup.tsx","<div className=""mt-1 text-xs text-zinc-600 dark:text-zinc-400"">Chart row {snapshot.wbRow}°F × column {snapshot.odCol}°F</div>","SNAP","review"
"src/components/calculators/CarrierChargingLookup.tsx","{snapshot.evapP ?","SNAP","review"
"src/components/calculators/CarrierChargingLookup.tsx","snapshot.evapP.bubble.toFixed(1) :","SNAP","review"
"src/components/calculators/CarrierChargingLookup.tsx","<div className=""mt-1 text-xs text-zinc-600 dark:text-zinc-400"">@ {snapshot.satEvapF.toFixed(0)}°F sat.","SNAP","review"
"src/components/calculators/CarrierChargingLookup.tsx","{snapshot.condP ?","SNAP","review"
"src/components/calculators/CarrierChargingLookup.tsx","snapshot.condP.bubble.toFixed(0) :","SNAP","review"
"src/components/calculators/CarrierChargingLookup.tsx","<div className=""mt-1 text-xs text-zinc-600 dark:text-zinc-400"">@ {snapshot.satCondF.toFixed(0)}°F sat.","SNAP","review"
"src/components/calculators/CarrierChargingLookup.tsx","{!isExtreme && snapshot.evapP && snapshot.condP ?","SNAP","review"
"src/components/calculators/CarrierChargingLookup.tsx","<R410aPTCurve snapshot={snapshot} ptChart={ptChart} />","SNAP","review"
"src/components/calculators/CarrierChargingLookup.tsx","<strong className=""text-zinc-900 dark:text-zinc-100"">Why {snapshot.targetSH}°F target superheat?</strong> Carrier&apos;s chart maps every operating condition to the target.","SNAP","review"
"src/components/calculators/CarrierChargingLookup.tsx","At {snapshot.wbRow}°F indoor wet-bulb (which is what the evaporator &quot;sees&quot;","SNAP","review"
"src/components/calculators/CarrierChargingLookup.tsx","as latent + sensible load) and {snapshot.odCol}°F outdoor dry-bulb (which determines condenser pressure), Carrier&apos;s fixed-orifice metering devices are designed to operate with <strong>{snapshot.targetSH}°F</strong> of suction superheat.","SNAP","review"
"src/components/calculators/CarrierChargingLookup.tsx","<strong className=""text-zinc-900 dark:text-zinc-100"">Why {snapshot.evapP?.bubble.toFixed(1)} PSIG expected suction?</strong> The evaporator coil operates {Math.round(snapshot.inputs.wb - snapshot.satEvapF)}°F below the indoor wet-bulb (typical residential approach).","SNAP","review"
"src/components/calculators/CarrierChargingLookup.tsx","At {snapshot.satEvapF.toFixed(0)}°F saturated suction temperature, R-410A has a saturation pressure of <strong>{snapshot.evapP?.bubble.toFixed(1)} PSIG</strong>.","SNAP","review"
"src/components/calculators/CarrierChargingLookup.tsx","<strong className=""text-zinc-900 dark:text-zinc-100"">Why {snapshot.condP?.bubble.toFixed(0)} PSIG expected high-side?</strong> The condenser must reject heat at a temperature above ambient — typically 15–25°F above outdoor (the &quot;condenser approach&quot;;","SNAP","review"
"src/components/calculators/CarrierChargingLookup.tsx","At {snapshot.satCondF.toFixed(0)}°F saturated condensing temperature, R-410A saturation pressure is <strong>{snapshot.condP?.bubble.toFixed(0)} PSIG</strong>.","SNAP","review"
"src/components/calculators/CarrierChargingLookup.tsx","If actual SH = {snapshot.targetSH}°F ±2°F, the system is properly charged.","SNAP","review"
"src/components/calculators/CarrierChargingLookup.tsx","function ChargingChartHeatmap({ snapshot }:","SNAP","review"
"src/components/calculators/CarrierChargingLookup.tsx","Snapshot }) {","SNAP","review"
"src/components/calculators/CarrierChargingLookup.tsx","const wbIndex = CARRIER_WB_COLS.findIndex((v) => v === snapshot.wbRow);","SNAP","review"
"src/components/calculators/CarrierChargingLookup.tsx","const odIndex = CARRIER_OD_ROWS.findIndex((v) => v === snapshot.odCol);","SNAP","review"
"src/components/calculators/CarrierChargingLookup.tsx","Carrier R-410A charging chart (Table 3) — target superheat at {snapshot.wbRow}°F WB × {snapshot.odCol}°F OD","SNAP","review"
"src/components/calculators/CarrierChargingLookup.tsx","At ${snapshot.wbRow}°F wet-bulb and ${snapshot.odCol}°F outdoor, target superheat is ${snapshot.targetSH ??","SNAP","review"
"src/components/calculators/CarrierChargingLookup.tsx","Black circle marks your input position (snapped to the nearest published cell).","SNAP","review"
"src/components/calculators/CarrierChargingLookup.tsx","function R410aPTCurve({ snapshot, ptChart }:","SNAP","review"
"src/components/calculators/CarrierChargingLookup.tsx","const evapX = xScale(snapshot.satEvapF);","SNAP","review"
"src/components/calculators/CarrierChargingLookup.tsx","const evapY = yScale(snapshot.evapP?.bubble ??","SNAP","review"
"src/components/calculators/CarrierChargingLookup.tsx","const condX = xScale(snapshot.satCondF);","SNAP","review"
"src/components/calculators/CarrierChargingLookup.tsx","const condY = yScale(snapshot.condP?.bubble ??","SNAP","review"
"src/components/calculators/CarrierChargingLookup.tsx","aria-label={`R-410A saturation pressure-temperature curve showing suction saturation at ${snapshot.satEvapF.toFixed(0)}°F and condensing saturation at ${snapshot.satCondF.toFixed(0)}°F.`}","SNAP","review"
"src/components/calculators/CarrierChargingLookup.tsx","{snapshot.satEvapF.toFixed(0)}°F → {snapshot.evapP?.bubble.toFixed(1)} PSIG","SNAP","review"
"src/components/calculators/CarrierChargingLookup.tsx","{snapshot.satCondF.toFixed(0)}°F → {snapshot.condP?.bubble.toFixed(0)} PSIG","SNAP","review"
"src/components/calculators/DuctSizeCalculator.tsx","type Snapshot = {","SNAP","review"
"src/components/calculators/DuctSizeCalculator.tsx","// Snapshot of computed results — only set when Calculate is clicked","SNAP","review"
"src/components/calculators/DuctSizeCalculator.tsx","const [snapshot, setSnapshot] = useState<Snapshot | null>(null);","SNAP","review"
"src/components/calculators/DuctSizeCalculator.tsx","setSnapshot({","SNAP","review"
"src/components/calculators/DuctSizeCalculator.tsx","const status = snapshot?.result.velocityWarning ?","SNAP","review"
"src/components/calculators/DuctSizeCalculator.tsx","STATUS_COPY[snapshot.result.velocityWarning] :","SNAP","review"
"src/components/calculators/DuctSizeCalculator.tsx","{snapshot ?","SNAP","review"
"src/components/calculators/DuctSizeCalculator.tsx","<ResultsSection snapshot={snapshot} status={status} />","SNAP","review"
"src/components/calculators/DuctSizeCalculator.tsx","function ResultsSection({ snapshot, status }:","SNAP","review"
"src/components/calculators/DuctSizeCalculator.tsx","{ snapshot:","SNAP","review"
"src/components/calculators/DuctSizeCalculator.tsx","Snapshot;","SNAP","review"
"src/components/calculators/DuctSizeCalculator.tsx","const r = snapshot.result;","SNAP","review"
"src/components/calculators/DuctSizeCalculator.tsx","const overTarget = r.frictionAtStandard - snapshot.frictionTarget;","SNAP","review"
"src/components/calculators/DuctSizeCalculator.tsx","const overTargetPct = (overTarget / snapshot.frictionTarget) * 100;","SNAP","review"
"src/components/calculators/DuctSizeCalculator.tsx","const velocityHeadroomPct = ((snapshot.presetMaxVelocity - r.velocityAtStandard) / snapshot.presetMaxVelocity) * 100;","SNAP","review"
"src/components/calculators/DuctSizeCalculator.tsx","<DuctFrictionChart snapshot={snapshot} />","SNAP","review"
"src/components/calculators/DuctSizeCalculator.tsx","{snapshot.presetMaxVelocity} fpm ({r0(velocityHeadroomPct)}% headroom)</div>","SNAP","review"
"src/components/calculators/DuctSizeCalculator.tsx","{r2(snapshot.frictionTarget)} ({overTarget < 0 ?","SNAP","review"
"src/components/calculators/DuctSizeCalculator.tsx","{r.velocityWarning === ""exceeds"" && `At ${r0(r.velocityAtStandard)} fpm, velocity exceeds the ${snapshot.presetMaxVelocity} fpm limit for ${snapshot.presetLabel.toLowerCase()} systems.","SNAP","review"
"src/components/calculators/DuctSizeCalculator.tsx","{r.velocityWarning === ""elevated"" && `Velocity is within 10% of the ${snapshot.presetMaxVelocity} fpm limit for ${snapshot.presetLabel.toLowerCase()}.","SNAP","review"
"src/components/calculators/DuctSizeCalculator.tsx","{r.velocityWarning === ""ok"" && `Velocity sits comfortably below the ${snapshot.presetMaxVelocity} fpm limit for ${snapshot.presetLabel.toLowerCase()} systems.`}","SNAP","review"
"src/components/calculators/DuctSizeCalculator.tsx","<strong className=""text-zinc-900 dark:text-zinc-100"">Why {r.standardDiameter}″ round?</strong> The exact mathematical diameter for {snapshot.cfm} CFM at {r2(snapshot.frictionTarget)} in.w.c./100ft target friction is <strong>{r1(r.exactDiameter)}″</strong>.","SNAP","review"
"src/components/calculators/DuctSizeCalculator.tsx","For {snapshot.cfm} CFM through a {r.standardDiameter}″ round duct, velocity = 576 × {snapshot.cfm} / (π × {r.standardDiameter}²) = <strong>{r0(r.velocityAtStandard)} fpm</strong>.","SNAP","review"
"src/components/calculators/DuctSizeCalculator.tsx","The {snapshot.presetLabel.toLowerCase()} preset limits velocity to {snapshot.presetMaxVelocity} fpm to control noise + minimize register throw issues + keep system static pressure manageable.","SNAP","review"
"src/components/calculators/DuctSizeCalculator.tsx","`${r0(overTargetPct)}% above`} your {r2(snapshot.frictionTarget)} target.","SNAP","review"
"src/components/calculators/DuctSizeCalculator.tsx","{snapshot.altitudeFt > 0 || snapshot.tempF !== 70 ?","SNAP","review"
"src/components/calculators/DuctSizeCalculator.tsx","At your specified altitude ({snapshot.altitudeFt} ft) + temperature ({snapshot.tempF}°F), air density is <strong>{r3(r.density)} lb/ft³</strong>.","SNAP","review"
"src/components/calculators/DuctSizeCalculator.tsx","function DuctFrictionChart({ snapshot }:","SNAP","review"
"src/components/calculators/DuctSizeCalculator.tsx","Snapshot }) {","SNAP","review"
"src/components/calculators/DuctSizeCalculator.tsx","const v = velocityFpm(snapshot.cfm, d);","SNAP","review"
"src/components/calculators/DuctSizeCalculator.tsx","const minDForVelocity = Math.sqrt((576 * snapshot.cfm) / (Math.PI * snapshot.presetMaxVelocity));","SNAP","review"
"src/components/calculators/DuctSizeCalculator.tsx","const exactY = yScale(Math.min(Math.max(snapshot.frictionTarget, yMin), yMax));","SNAP","review"
"src/components/calculators/DuctSizeCalculator.tsx","const targetY = yScale(snapshot.frictionTarget);","SNAP","review"
"src/components/calculators/DuctSizeCalculator.tsx","Friction loss vs duct diameter at {snapshot.cfm} CFM","SNAP","review"
"src/components/calculators/DuctSizeCalculator.tsx","aria-label={`Friction loss chart for ${snapshot.cfm} CFM.","SNAP","review"
"src/components/calculators/DuctSizeCalculator.tsx","exceeds {snapshot.presetMaxVelocity} fpm velocity limit","SNAP","review"
"src/components/calculators/DuctSizeCalculator.tsx","target {r2(snapshot.frictionTarget)} in.w.c./100ft","SNAP","review"
"src/components/calculators/DuctSizeCalculator.tsx","friction at {snapshot.cfm} CFM as a function of diameter.","SNAP","review"
"src/components/calculators/DuctSizeCalculator.tsx","diameters that would exceed your {snapshot.presetMaxVelocity} fpm velocity limit.","SNAP","review"
"src/components/calculators/HvacLoadCalculator.tsx","type Snapshot = {","SNAP","review"
"src/components/calculators/HvacLoadCalculator.tsx","const [snapshot, setSnapshot] = useState<Snapshot | null>(null);","SNAP","review"
"src/components/calculators/HvacLoadCalculator.tsx","setSnapshot({","SNAP","review"
"src/components/calculators/HvacLoadCalculator.tsx","{snapshot ?","SNAP","review"
"src/components/calculators/HvacLoadCalculator.tsx","<ResultsSection snapshot={snapshot} />","SNAP","review"
"src/components/calculators/HvacLoadCalculator.tsx","function ResultsSection({ snapshot }:","SNAP","review"
"src/components/calculators/HvacLoadCalculator.tsx","{ snapshot:","SNAP","review"
"src/components/calculators/HvacLoadCalculator.tsx","Snapshot }) {","SNAP","review"
"src/components/calculators/HvacLoadCalculator.tsx","const r = snapshot.result;","SNAP","review"
"src/components/calculators/HvacLoadCalculator.tsx","<LoadComponentChart snapshot={snapshot} />","SNAP","review"
"src/components/calculators/HvacLoadCalculator.tsx","<CoolingHeatingComparison snapshot={snapshot} />","SNAP","review"
"src/components/calculators/HvacLoadCalculator.tsx","function LoadComponentChart({ snapshot }:","SNAP","review"
"src/components/calculators/HvacLoadCalculator.tsx","function CoolingHeatingComparison({ snapshot }:","SNAP","review"
"src/components/calculators/PsychrometricCalculator.tsx","type Snapshot = {","SNAP","review"
"src/components/calculators/PsychrometricCalculator.tsx","const [snapshot, setSnapshot] = useState<Snapshot | null>(null);","SNAP","review"
"src/components/calculators/PsychrometricCalculator.tsx","setSnapshot({ mode, state, pAtm, altitudeFt:","SNAP","review"
"src/components/calculators/PsychrometricCalculator.tsx","{snapshot ?","SNAP","review"
"src/components/calculators/PsychrometricCalculator.tsx","<ResultsSection snapshot={snapshot} />","SNAP","review"
"src/components/calculators/PsychrometricCalculator.tsx","function ResultsSection({ snapshot }:","SNAP","review"
"src/components/calculators/PsychrometricCalculator.tsx","{ snapshot:","SNAP","review"
"src/components/calculators/PsychrometricCalculator.tsx","Snapshot }) {","SNAP","review"
"src/components/calculators/PsychrometricCalculator.tsx","const { state, mode } = snapshot;","SNAP","review"
"src/components/calculators/PsychrometricCalculator.tsx","<PsychrometricChart snapshot={snapshot} />","SNAP","review"
"src/components/calculators/PsychrometricCalculator.tsx","<PropertyComparison snapshot={snapshot} />","SNAP","review"
"src/components/calculators/PsychrometricCalculator.tsx","{snapshot.altitudeFt > 0 ?","SNAP","review"
"src/components/calculators/PsychrometricCalculator.tsx","<strong className=""text-zinc-900 dark:text-zinc-100"">Altitude {snapshot.altitudeFt} ft.</strong> Atmospheric pressure is {r2(snapshot.pAtm)} psia at this altitude (sea level = 14.696 psia).","SNAP","review"
"src/components/calculators/PsychrometricCalculator.tsx","function PsychrometricChart({ snapshot }:","SNAP","review"
"src/components/calculators/PsychrometricCalculator.tsx","const { state } = snapshot;","SNAP","review"
"src/components/calculators/PsychrometricCalculator.tsx","const P = snapshot.pAtm;","SNAP","review"
"src/components/calculators/PsychrometricCalculator.tsx","function PropertyComparison({ snapshot }:","SNAP","review"
"src/components/comparison/ComparisonPage.tsx","label=""AIM Act affected""","AIM Act","review"
"src/components/comparison/ComparisonPage.tsx","AIM Act (40 CFR Part 84), EU F-Gas Regulation 517/2014 + 2024/573, Kigali Amendment to Montreal Protocol</li>","F-Gas","R3: EU claim = eu(ref) only; frame as 517/2014 replaced by 2024/573 (11 Mar 2024)"
"src/components/comparison/ComparisonPage.tsx","<strong>AIM Act status:</strong>{"" ""}","AIM Act","review"
"src/components/comparison/ComparisonPage.tsx","by AIM Act phase-down;","phase-down","verify: phase-down (AIM Act allowances / Kigali)"
"src/components/comparison/ComparisonPage.tsx","<strong>AIM Act (40 CFR Part 84):</strong> US HFC production / import phase-down.","phase-down","verify: phase-down (AIM Act allowances / Kigali)"
"src/components/comparison/ComparisonPage.tsx","`One or both refrigerants here are AIM Act-affected.` :","AIM Act","review"
"src/components/comparison/ComparisonPage.tsx","<a href=""https://www.ecfr.gov/current/title-40/chapter-I/subchapter-C/part-84/subpart-B/section-84.54"" className=""underline"" target=""_blank"" rel=""nofollow noopener"">40 CFR 84.54(a)(1)</a>).","84.54","verify: cite 40 CFR 84.54 (Technology Transitions) source"
"src/components/comparison/ComparisonPage.tsx","<strong>EU F-Gas Regulation (517/2014, updated 2024/573):</strong> European rules","F-Gas","R3: EU claim = eu(ref) only; frame as 517/2014 replaced by 2024/573 (11 Mar 2024)"
"src/components/comparison/ComparisonPage.tsx","<strong>Kigali Amendment to Montreal Protocol (2016):</strong> international HFC","Kigali","R4: Kigali only for HFC phase-down; counts from kigali block"
"src/components/comparison/ComparisonPage.tsx","phase-down framework.","phase-down","verify: phase-down (AIM Act allowances / Kigali)"
"src/components/comparison/ComparisonPage.tsx","The Montreal Protocol has 198 parties;","Montreal","review: Montreal (CFC/HCFC ODS context)"
"src/components/comparison/ComparisonPage.tsx","Kigali Amendment (as of 10 August 2026).","Kigali","R4: Kigali only for HFC phase-down; counts from kigali block"
"src/components/comparison/ComparisonPage.tsx","The AIM Act and EU F-Gas are regional","F-Gas","R3: EU claim = eu(ref) only; frame as 517/2014 replaced by 2024/573 (11 Mar 2024)"
"src/components/comparison/ComparisonPage.tsx","the AIM Act phase-down, not technical preference alone.","phase-down","verify: phase-down (AIM Act allowances / Kigali)"
"src/components/comparison/ComparisonPage.tsx","<Panel title=""Lifecycle and regulatory snapshot"" icon={TableIcon}>","SNAP","review"
"src/components/comparison/ComparisonPage.tsx","<strong>AIM Act exposure:</strong>{"" ""}","AIM Act","review"
"src/components/comparison/ComparisonPage.tsx","`Both refrigerants are subject to the AIM Act phase-down (HFC allocation declining toward 15% of baseline by 2036).`","phase-down","R8: allowance schedule must match phasedown block (30%/20%/15%)"
"src/components/comparison/ComparisonPage.tsx","`${a.displayName} is AIM Act-affected;","AIM Act","review"
"src/components/comparison/ComparisonPage.tsx","`${b.displayName} is AIM Act-affected;","AIM Act","review"
"src/components/comparison/ComparisonPage.tsx","<strong>AIM Act exposure:</strong> Neither refrigerant is directly affected by","AIM Act","review"
"src/components/comparison/ComparisonPage.tsx","the AIM Act phase-down.","phase-down","verify: phase-down (AIM Act allowances / Kigali)"
"src/components/comparison/ComparisonPage.tsx","Other regional regulations (EU F-Gas, Kigali signatory","F-Gas","R3: EU claim = eu(ref) only; frame as 517/2014 replaced by 2024/573 (11 Mar 2024)"
"src/components/comparison/ComparisonPage.tsx","<strong>EU F-Gas Regulation:</strong>{"" ""}","F-Gas","R3: EU claim = eu(ref) only; frame as 517/2014 replaced by 2024/573 (11 Mar 2024)"
"src/components/comparison/ComparisonPage.tsx","`Both refrigerants exceed the EU F-Gas 150 GWP cap for new stationary refrigeration.","F-Gas","R3: EU claim = eu(ref) only; frame as 517/2014 replaced by 2024/573 (11 Mar 2024)"
"src/components/comparison/ComparisonPage.tsx","`${a.displayName} exceeds the EU F-Gas 150 GWP cap;","F-Gas","R3: EU claim = eu(ref) only; frame as 517/2014 replaced by 2024/573 (11 Mar 2024)"
"src/components/comparison/ComparisonPage.tsx","`${b.displayName} exceeds the EU F-Gas 150 GWP cap;","F-Gas","R3: EU claim = eu(ref) only; frame as 517/2014 replaced by 2024/573 (11 Mar 2024)"
"src/components/comparison/ComparisonPage.tsx","`Both refrigerants are below the EU F-Gas 150 GWP cap — compliant for European stationary refrigeration.`}","F-Gas","R3: EU claim = eu(ref) only; frame as 517/2014 replaced by 2024/573 (11 Mar 2024)"
"src/components/comparison/ComparisonPage.tsx","`Service supply of AIM Act-affected refrigerants persists during phase-down via reclaimed and allocated production, with prices rising as supply tightens.","phase-down","verify: phase-down (AIM Act allowances / Kigali)"
"src/components/comparison/ComparisonPage.tsx","`Neither refrigerant faces near-term supply constraints from AIM Act phase-down.","phase-down","verify: phase-down (AIM Act allowances / Kigali)"
"src/components/comparison/ComparisonPage.tsx","AIM Act (40 CFR Part 84), EU F-Gas Regulation 517/2014 and","F-Gas","R3: EU claim = eu(ref) only; frame as 517/2014 replaced by 2024/573 (11 Mar 2024)"
"src/components/comparison/ComparisonPage.tsx","update 2024/573, Kigali Amendment to the Montreal Protocol (2016), Japan","2024/573","R3: EU claim = eu(ref) only; frame as 517/2014 replaced by 2024/573 (11 Mar 2024)"
"src/components/diagrams/RefrigerantCylinderStory.tsx","* ignorant of which slugs are legacy-colored or phased out.","phased out","review"
"src/components/diagrams/RefrigerantCylinderStory.tsx","* • R-12 (phased-out CFC, banned since 1996):","banned","R5: 'US production/import of CFCs ended January 1, 1996 (EPA)'"
"src/components/diagrams/RefrigerantCylinderStory.tsx","production of {r.displayName} has been banned in the United States","banned","review"
"src/components/reference/GwpTable.tsx","(40 CFR 84.54(a)(1), (c)(1)).","84.54","verify: cite 40 CFR 84.54 (Technology Transitions) source"
"src/components/reference/GwpTable.tsx","an AIM Act HFC is one of the 18 regulated HFCs (42 U.S.C.","AIM Act","review"
"src/components/reference/GwpTable.tsx","For US 40 CFR 84.54 thresholds the blend GWP is recomputed under 84.64(c), which excludes CFC/HCFC/PFC","84.54","verify: cite 40 CFR 84.54 (Technology Transitions) source"
"src/components/reference/GwpTable.tsx","AIM Act HFC (regulated substance / blend","AIM Act","review"
"src/components/reference/GwpTable.tsx","""AIM Act HFC"", tone:","AIM Act","review"
"src/components/refrigerant/RefrigerantPhaseDown.tsx","import { getMilestonesForSlug } from ""@/data/phase-down-milestones"";","phase-down","verify: phase-down (AIM Act allowances / Kigali)"
"src/components/refrigerant/RefrigerantPhaseDown.tsx","ariaLabel={`Regulatory phase-down timeline for ${r.displayName}, ${milestones.length} milestones`}","phase-down","verify: phase-down (AIM Act allowances / Kigali)"
"src/components/refrigerant/RefrigerantPhaseDown.tsx","<strong>{r.displayName} is not subject to AIM Act or EU F-Gas phase-down regulation.</strong>{"" ""}","F-Gas","R3: EU claim = eu(ref) only; frame as 517/2014 replaced by 2024/573 (11 Mar 2024)"
"src/components/refrigerant/RefrigerantPhaseDown.tsx","sits well below the GWP thresholds in current US EPA and EU F-Gas restrictions.","F-Gas","R3: EU claim = eu(ref) only; frame as 517/2014 replaced by 2024/573 (11 Mar 2024)"
"src/components/refrigerant/RefrigerantPhaseDown.tsx","phase-down schedule applies — it is one of the refrigerants <em>chosen for</em> the","phase-down","verify: phase-down (AIM Act allowances / Kigali)"
"src/components/refrigerant/RefrigerantPhaseDown.tsx","<strong>{r.displayName} is a natural refrigerant not subject to climate-driven phase-down.</strong>{"" ""}","phase-down","verify: phase-down (AIM Act allowances / Kigali)"
"src/components/refrigerant/RefrigerantPhaseDown.tsx","AIM Act (40 CFR Part 84) and EU F-Gas Regulation phase-down schedules.","F-Gas","R3: EU claim = eu(ref) only; frame as 517/2014 replaced by 2024/573 (11 Mar 2024)"
"src/components/refrigerant/RefrigerantPhaseDown.tsx","<strong>{r.displayName} is not currently regulated by AIM Act or EU F-Gas phase-down.</strong>{"" ""}","F-Gas","R3: EU claim = eu(ref) only; frame as 517/2014 replaced by 2024/573 (11 Mar 2024)"
"src/components/refrigerant/RefrigerantPhaseDown.tsx","phase-down milestones exist for this refrigerant — it is a forward-compatible option","phase-down","verify: phase-down (AIM Act allowances / Kigali)"
"src/components/refrigerant/RefrigerantPhaseDown.tsx","for the current low-GWP transition rather than a refrigerant being phased out.","phased out","review"
"src/components/refrigerant/RefrigerantPhaseDown.tsx","<strong>No phase-down milestones are documented for {r.displayName} yet.</strong>{"" ""}","phase-down","verify: phase-down (AIM Act allowances / Kigali)"
"src/components/refrigerant/RefrigerantPhaseDown.tsx","(a) no regulatory phase-down currently published;","phase-down","verify: phase-down (AIM Act allowances / Kigali)"
"src/components/refrigerant/RefrigerantPhaseDown.tsx","status, consult the AIM Act allocations (40 CFR Part 84), EU F-Gas Regulation","F-Gas","R3: EU claim = eu(ref) only; frame as 517/2014 replaced by 2024/573 (11 Mar 2024)"
"src/components/refrigerant/RefrigerantPhaseDown.tsx","517/2014 + 2024/573, and the relevant national implementations of the Kigali Amendment.","517/2014","R3: EU claim = eu(ref) only; frame as 517/2014 replaced by 2024/573 (11 Mar 2024)"
"src/components/refrigerant/RefrigerantPhaseDown.tsx","""AIM Act affected"" :","AIM Act","review"
"src/components/refrigerant/RefrigerantPhaseDown.tsx","""Not AIM Act-affected""} ·{"" ""}","AIM Act","review"
"src/components/refrigerant/UsRegulation.tsx","return <span>Not an AIM Act regulated substance;","AIM Act","review"
"src/components/refrigerant/UsRegulation.tsx","40 CFR 84.54 GWP limits don&apos;t apply.</span>;","84.54","verify: cite 40 CFR 84.54 (Technology Transitions) source"
"src/components/refrigerant/UsRegulation.tsx","if (klass === ""ods-hcfc"") return <span>Class II ODS (HCFC) — US production/import phased out (see timeline).</span>;","phased out","R5: 'US production/import of CFCs ended January 1, 1996 (EPA)'"
"src/components/refrigerant/UsRegulation.tsx","AIM Act HFC, 84.64 GWP {g8} — below every 40 CFR 84.54 limit;{"" ""}","84.54","verify: cite 40 CFR 84.54 (Technology Transitions) source"
"src/components/refrigerant/UsRegulation.tsx","<Link href=""#us-new-equipment"" className=""underline"">US new-equipment rules (40 CFR 84.54)</Link>.","84.54","verify: cite 40 CFR 84.54 (Technology Transitions) source"
"src/components/refrigerant/UsRegulation.tsx","/* ── phase-down timeline (section 08 content) ──────────────────────────── */","phase-down","verify: phase-down (AIM Act allowances / Kigali)"
"src/components/refrigerant/UsRegulation.tsx","not the AIM Act.","AIM Act","review"
"src/components/refrigerant/UsRegulation.tsx","<strong>{r.displayName} is not an AIM Act regulated substance</strong> (not one of the 18 HFCs in 42 U.S.C.","AIM Act","review"
"src/components/refrigerant/UsRegulation.tsx","The 40 CFR 84.54 GWP limits don&apos;t apply.","84.54","verify: cite 40 CFR 84.54 (Technology Transitions) source"
"src/components/refrigerant/UsRegulation.tsx","Its availability is governed by ordinary commodity dynamics and equipment-specific installation standards, not a climate phase-down.","phase-down","verify: phase-down (AIM Act allowances / Kigali)"
"src/components/refrigerant/UsRegulation.tsx","{r.displayName} is a <strong>regulated HFC under the AIM Act</strong> (42 U.S.C.","AIM Act","review"
"src/components/refrigerant/UsRegulation.tsx","<> — restricted in <strong>{total}</strong> new-equipment categories under 40 CFR 84.54.</>","84.54","verify: cite 40 CFR 84.54 (Technology Transitions) source"
"src/components/refrigerant/UsRegulation.tsx","<> — below every 40 CFR 84.54 GWP limit, so <strong>no 84.54 new-equipment limit restricts it</strong>.</>","84.54","verify: cite 40 CFR 84.54 (Technology Transitions) source"
"src/components/refrigerant/UsRegulation.tsx","Full 40 CFR 84.54 new-equipment rules for {r.displayName} →","84.54","verify: cite 40 CFR 84.54 (Technology Transitions) source"
"src/components/refrigerant/UsRegulation.tsx","/* ── ""US new-equipment rules (40 CFR 84.54)"" section ───────────────────── */","84.54","verify: cite 40 CFR 84.54 (Technology Transitions) source"
"src/components/refrigerant/UsRegulation.tsx","// Mapped table = applicable entries in mapped subsectors + derived 84.54(b) rows.","84.54","verify: cite 40 CFR 84.54 (Technology Transitions) source"
"src/components/refrigerant/UsRegulation.tsx","US new-equipment rules (40 CFR 84.54)","84.54","verify: cite 40 CFR 84.54 (Technology Transitions) source"
"src/components/refrigerant/UsRegulation.tsx","{r.displayName} is a regulated HFC (AIM Act, 42 U.S.C.","AIM Act","review"
"src/components/refrigerant/UsRegulation.tsx","That value is compared against each 40 CFR 84.54 subsector limit below.","84.54","verify: cite 40 CFR 84.54 (Technology Transitions) source"
"src/components/refrigerant/UsRegulation.tsx","None of {r.displayName}&apos;s mapped equipment subsectors carry a 40 CFR 84.54 limit that its 84.64 GWP ({g8}) meets — no new-equipment restriction currently applies.","84.54","verify: cite 40 CFR 84.54 (Technology Transitions) source"
"src/components/refrigerant/UsRegulation.tsx","All 84.54 categories restricting {r.displayName} ({all.length})","84.54","verify: cite 40 CFR 84.54 (Technology Transitions) source"
"src/components/refrigerant/UsRegulation.tsx","<strong>Servicing.</strong> 40 CFR 84.54 restricts new manufacture/import, later sale/distribution, and installation.","84.54","verify: cite 40 CFR 84.54 (Technology Transitions) source"
"src/components/refrigerant/UsRegulation.tsx","is defined in 84.54(e);","84.54","verify: cite 40 CFR 84.54 (Technology Transitions) source"
"src/components/refrigerant/UsRegulation.tsx","repairing or servicing existing {r.displayName} equipment is <strong>not</strong> an installation unless it meets 84.54(e), so existing systems can keep being serviced.","84.54","verify: cite 40 CFR 84.54 (Technology Transitions) source"
"src/components/refrigerant/UsRegulation.tsx","<a href={EU_URL} className=""underline"" target=""_blank"" rel=""nofollow noopener"">Regulation (EU) No 517/2014</a>.","517/2014","R3: EU claim = eu(ref) only; frame as 517/2014 replaced by 2024/573 (11 Mar 2024)"
"src/components/refrigerant/UsRegulation.tsx","Installation defined at 40 CFR 84.54(e).","84.54","verify: cite 40 CFR 84.54 (Technology Transitions) source"
"src/components/whatpressure/WhatPressurePage.tsx","<PtCurveSnapshot r={r} />","SNAP","review"
"src/components/whatpressure/WhatPressurePage.tsx","<TechSection icon=""thermometer"" tone=""emerald"" title={`${r.displayName} property snapshot`}>","SNAP","review"
"src/components/whatpressure/WhatPressurePage.tsx","<PropertyRow label=""AIM Act affected"" value={r.regulatoryStatus.aimActAffected ?","AIM Act","review"
"src/components/whatpressure/WhatPressurePage.tsx","`${r.displayName} is subject to the AIM Act phase-down (40 CFR Part 84).","phase-down","verify: phase-down (AIM Act allowances / Kigali)"
"src/components/whatpressure/WhatPressurePage.tsx","`${r.displayName} is not directly affected by the AIM Act.","AIM Act","review"
"src/components/whatpressure/WhatPressurePage.tsx","US EPA basis (AIM Act exchange values / 40 CFR 84.64(b) / IPCC AR4), with IPCC AR4/AR5/AR6 shown where listed</li>","AIM Act","review"
"src/components/whatpressure/WhatPressurePage.tsx","function PtCurveSnapshot({ r }:","SNAP","review"
"src/lib/gwp.ts","return ""AIM Act exchange value (IPCC AR4)"";","AIM Act","review"
"src/lib/mdx-what-pressure.ts","R-22 phase-out or R-454B's regulated R-32 content).","phase-out","review"
"src/lib/retrofit.ts","`→ ${b.safetyClass} requires HC-rated or higher-class equipment (sealed electrical, explosion-rated enclosures, EPA SNAP charge limits).","SNAP","review"
"src/lib/scenarios.data.ts","R-454C replaces R-404A as a sub-700 GWP option under the AIM Act.","AIM Act","review"
"src/lib/schema/shared.ts","// r-22 gets the phase-down nuance instead of the chart-vocab tail so","phase-down","verify: phase-down (AIM Act allowances / Kigali)"
"src/lib/schema/shared.ts","// reclaim-legal techs don't read the description as ""all use banned"".","banned","R1: US ban must be engine-derived (subsector+date+limit+para) or deleted"
"src/lib/schema/shared.ts","Production banned 2020 — reclaimed supply legal for service.`;","banned","review"
"src/lib/us-regulation.ts","* US (and EU/Kigali) regulatory engine — the ONE derivation layer for every","Kigali","R4: Kigali only for HFC phase-down; counts from kigali block"
"src/lib/us-regulation.ts","No page may state a US ban/limit that this engine did","ban","R1: US ban must be engine-derived (subsector+date+limit+para) or deleted"
"src/lib/us-regulation.ts","Used for every 84.54 threshold.","84.54","verify: cite 40 CFR 84.54 (Technology Transitions) source"
"src/lib/us-regulation.ts","every applicable 84.54 entry (gwpAtLeast / named / tiered).","84.54","verify: cite 40 CFR 84.54 (Technology Transitions) source"
"src/lib/us-regulation.ts","ozone (class I/II) and EU 517/2014 facts.","517/2014","R3: EU claim = eu(ref) only; frame as 517/2014 replaced by 2024/573 (11 Mar 2024)"
"src/lib/us-regulation.ts","const KIGALI = regulatory.kigali as unknown as {","Kigali","review"
"src/lib/us-regulation.ts","montrealProtocolParties:","Montreal","review"
"src/lib/us-regulation.ts","kigaliRatifications:","Kigali","review"
"src/lib/us-regulation.ts","export const AIM_SOURCE_LINE = `40 CFR 84.54, current through 91 FR 31329 (May 26, 2026)`;","84.54","verify: cite 40 CFR 84.54 (Technology Transitions) source"
"src/lib/us-regulation.ts","export const AIM_ACT_CITE = ""AIM Act, 42 U.S.C.","AIM Act","review"
"src/lib/us-regulation.ts","/** 84.54 appliesTo:","84.54","verify: cite 40 CFR 84.54 (Technology Transitions) source"
"src/lib/us-regulation.ts","/* ─────────────────────────── restrictions (84.54) ───────────────────────── */","84.54","verify: cite 40 CFR 84.54 (Technology Transitions) source"
"src/lib/us-regulation.ts","""40 CFR 84.54(c)(11)(i)""","84.54","verify: cite 40 CFR 84.54 (Technology Transitions) source"
"src/lib/us-regulation.ts","// true for the derived 84.54(b) sale/distribution rows","84.54","verify: cite 40 CFR 84.54 (Technology Transitions) source"
"src/lib/us-regulation.ts","/** Paragraph key after ""84.54"", e.g.","84.54","verify: cite 40 CFR 84.54 (Technology Transitions) source"
"src/lib/us-regulation.ts","* Every 84.54 entry that restricts this refrigerant (gwpAtLeast <= gwp8464, named","84.54","verify: cite 40 CFR 84.54 (Technology Transitions) source"
"src/lib/us-regulation.ts","Base entries only — the derived 84.54(b) sale/","84.54","verify: cite 40 CFR 84.54 (Technology Transitions) source"
"src/lib/us-regulation.ts","/** Add derived 84.54(b) rows:","84.54","verify: cite 40 CFR 84.54 (Technology Transitions) source"
"src/lib/us-regulation.ts","""40 CFR 84.54(b)"",","84.54","verify: cite 40 CFR 84.54 (Technology Transitions) source"
"src/lib/us-regulation.ts","application keyword -> 84.54 subsector paragraph group.","84.54","verify: cite 40 CFR 84.54 (Technology Transitions) source"
"src/lib/us-regulation.ts","/** All 84.54 entries (any refrigerant) belonging to a subsector, date-sorted.","84.54","verify: cite 40 CFR 84.54 (Technology Transitions) source"
"src/lib/us-regulation.ts","/* ─────────────────────────── EU 517/2014 ────────────────────────────────── */","517/2014","R3: EU claim = eu(ref) only; frame as 517/2014 replaced by 2024/573 (11 Mar 2024)"
"src/lib/us-regulation.ts","export const EU_FRAMING = ""Regulation (EU) No 517/2014, since replaced by (EU) 2024/573, applying from 11 March 2024"";","517/2014","R3: EU claim = eu(ref) only; frame as 517/2014 replaced by 2024/573 (11 Mar 2024)"
"src/lib/us-regulation.ts","/** EU 517/2014 Annex III rows 11–13 + Art.","517/2014","R3: EU claim = eu(ref) only; frame as 517/2014 replaced by 2024/573 (11 Mar 2024)"
"src/lib/us-regulation.ts","/* ─────────────────────────── Kigali ─────────────────────────────────────── */","Kigali","R4: Kigali only for HFC phase-down; counts from kigali block"
"src/lib/us-regulation.ts","export const KIGALI_FACTS = KIGALI;","Kigali","review"
"src/lib/us-regulation.ts","return ""AIM Act HFC"";","AIM Act","review"
"src/lib/us-regulation.ts","/** True when the hero ""AIM Act phase-down"" badge should show (regulated HFCs only).","phase-down","verify: phase-down (AIM Act allowances / Kigali)"
"src/lib/us-regulation.ts","if (r.type === ""cfc"" || r.type === ""cfc-blend"") return ""Not an AIM Act substance;","AIM Act","review"
"src/lib/us-regulation.ts","if (r.type === ""hcfc"" || r.type === ""hcfc-blend"") return ""Not an AIM Act substance;","AIM Act","review"
"src/lib/us-regulation.ts","class II ODS (HCFC) production/import phased out."";","phased out","R5: 'US production/import of CFCs ended January 1, 1996 (EPA)'"
"src/lib/us-regulation.ts","return ""Not an AIM Act regulated substance;","AIM Act","review"
"src/lib/us-regulation.ts","40 CFR 84.54 GWP limits don't apply."";","84.54","verify: cite 40 CFR 84.54 (Technology Transitions) source"
"src/lib/us-regulation.ts","return `AIM Act HFC, but its 40 CFR 84.64 GWP (${g8}) is below every 84.54 limit — no new-equipment restriction applies.`;","84.54","verify: cite 40 CFR 84.54 (Technology Transitions) source"
"src/lib/us-regulation.ts","return `AIM Act HFC (84.64 GWP ${g8}):","AIM Act","review"
"src/lib/us-regulation.ts","restricted in ${applied.length} new-equipment categories under 40 CFR 84.54, starting ${fmtDate(dates[0])}.`;","84.54","verify: cite 40 CFR 84.54 (Technology Transitions) source"
"src/data/carrier-410a-chart.ts","snaps wet-bulb and outdoor temp DOWN to the","SNAP","review"
"src/data/comparison-groups.ts","""EU F-Gas"", source:","F-Gas","R3: EU claim = eu(ref) only; frame as 517/2014 replaced by 2024/573 (11 Mar 2024)"
"src/data/comparison-groups.ts","""EU Regulation 517/2014 Annex III (stationary refrigeration)"" },","517/2014","R3: EU claim = eu(ref) only; frame as 517/2014 replaced by 2024/573 (11 Mar 2024)"
"src/data/comparison-groups.ts","""AIM Act"", source:","AIM Act","review"
"src/data/comparison-groups.ts","""AIM Act Subsection (i) (new residential AC, 2025+)"" },","AIM Act","review"
"src/data/phase-down-milestones.ts","* Add new entries here when a refrigerant has well-documented EPA, Montreal","Montreal","review: Montreal (CFC/HCFC ODS context)"
"src/data/phase-down-milestones.ts","* Protocol, AIM Act, or other regulatory milestones.","AIM Act","review"
"src/data/phase-down-milestones.ts","* meaningful timeline (no phase-out activity, no AIM Act impact) are omitted.","phase-out","R1: US ban must be engine-derived (subsector+date+limit+para) or deleted"
"src/data/phase-down-milestones.ts","""New equipment production banned in US (HCFC phase-out)"", severity:","banned","R5: 'US production/import of CFCs ended January 1, 1996 (EPA)'"
"src/data/phase-down-milestones.ts","""Virgin R-22 production banned in US"", severity:","banned","R1: US ban must be engine-derived (subsector+date+limit+para) or deleted"
"src/data/phase-down-milestones.ts","""US production banned (Montreal Protocol)"", severity:","banned","R1: US ban must be engine-derived (subsector+date+limit+para) or deleted"
"src/data/phase-down-milestones.ts","""montreal-protocol"" },","Montreal","review"
"src/data/phase-down-milestones.ts","""AIM Act:","AIM Act","review"
"src/data/phase-down-milestones.ts","""AIM Act phase-down:","phase-down","verify: phase-down (AIM Act allowances / Kigali)"
"src/data/phase-down-milestones.ts","""AIM Act 40 CFR 84.54:","84.54","verify: cite 40 CFR 84.54 (Technology Transitions) source"
"src/data/refrigerants.ts","`headline` is the value US EPA uses (AIM Act","AIM Act","review"
"src/data/refrigerants.ts","snapStatus:","SNAP","review"
"src/data/refrigerants.ts","snapApproved:","SNAP","review"
