route	rule	before	after
/r-12-vs-r-134a/	G5	whenNeither: R-1234yf for automotive AC (mandated on most new light vehicles), with GWP-compliance context labeled "(post-2021 automotive, ...)"	"(new-vehicle automotive AC, ...)" and R-1234yf with EU macDirective (>150 GWP: new types 2011, all new 2017) + US 40 CFR 84.54(a)(13)(i) MY2025 R-134a bar, framed as common choice not a mandate
/r-12-vs-r-134a/	G5	FAQ: EU MAC Directive (2006/40/EC) mandated ≤150 GWP for new-vehicle refrigerants from 2017; the AIM Act (40 CFR Part 84) extends similar limits	MAC Directive 2006/40/EC prohibits >150 GWP mobile-AC refrigerant (new types 1 Jan 2011, all new 1 Jan 2017); US 40 CFR 84.54(a)(13)(i) bars new R-134a motor-vehicle AC for MY2025+ light-duty cars/trucks
/r-12-vs-r-134a/	G1	FAQ: Virgin R-12 production banned in US Jan 1 1996; global production ceased around the same time	...; internationally, developing (Article 5) countries phased out CFC production by 2010 and developed countries on January 1, 1996 (cfcDevelopingCountries fact)
/r-12-vs-r-134a/	G1	The remaining service supply comes from equipment recovery	The remaining service supply comes from existing inventory and reclaimed refrigerant
/r-12-vs-r-134a/	G9	Prices have risen substantially — $50–150+ per pound (2024–2026 market, varying by region and supply)	Prices have risen substantially, varying by region and supply (unsourced price numbers removed)
/r-1234yf-vs-r-134a/	G5	chooseB: Service of legacy R-134a-equipped vehicles (typically model year 2020 or earlier in the US, 2016 or earlier in EU).	Service of legacy R-134a-equipped vehicles built before their maker switched refrigerant — check the under-hood label.
/r-1234yf-vs-r-134a/	G9	Reclaimed R-134a remains legal under EPA rules; service supply continues through 2030+.	Reclaimed R-134a remains legal under EPA rules, so service supply continues. (unsourced supply-timeline number removed)
/r-1234yf-vs-r-134a/	G9	FAQ 2: EPA and EU regulators conducted extensive vehicle-fire and refrigerant-release testing during the 2010-2017 transition and concluded the in-use risk is acceptable with proper equipment design.	sentence deleted
/r-1234yf-vs-r-134a/	G5	FAQ 3: The headline figure is **1** on the US EPA basis (40 CFR 84.64) used for compliance and reporting — you'll see it on EPA SNAP and AIM Act exchange-value tables and on Honeywell Solstice yf and Chemours Opteon YF datasheets.	The headline figure is **1** on the US EPA basis (40 CFR 84.64(b) Table 1) used for compliance and reporting. (false exchange-table/datasheet claim removed — HFOs are not in the AIM Act exchange-value table; AR5 <1 retained in following sentence)
/r-1234yf-vs-r-134a/	G9	FAQ 4: As production scales the cost differential is narrowing but R-1234yf remains 3-5× R-134a's wholesale price as of 2025.	As production scales the cost differential is narrowing, though R-1234yf still costs more than R-134a at wholesale. (unsourced price ratio/year reduced to qualitative)
/r-134a-vs-r-1234ze/	G9	Trane, York, Daikin, and Carrier all offer R-1234ze chiller lines targeting AIM Act and EU F-Gas compliance.	major chiller OEMs offer R-1234ze chiller lines targeting AIM Act and EU F-Gas compliance.
/r-134a-vs-r-1234ze/	G9	Trane, York, Daikin, and Carrier ship R-1234ze chiller lines for commercial and industrial cooling applications	Major chiller OEMs ship R-1234ze chiller lines for commercial and industrial cooling applications
/r-134a-vs-r-1234ze/	G5	R-1234yf for automotive AC (mandated on new light vehicles in EU and US)	R-1234yf for automotive AC (the EU prohibits MVAC refrigerant above 150 GWP — new vehicle types from 2011, all new vehicles from 2017 — and the US bars new R-134a MVAC from Model Year 2025 under 40 CFR 84.54(a)(13)(i), with R-1234yf the common replacement rather than a mandate)
/r-134a-vs-r-513a/	G9	R-134a chiller production continues for service supply through the late 2020s.	R-134a chiller production continues for service supply.
/r-134a-vs-r-513a/	G9	Most major chiller OEMs (Carrier, Trane, Johnson Controls, Daikin) have published R-134a to R-513A retrofit procedures	Major chiller OEMs have published R-134a to R-513A retrofit procedures
/r-134a-vs-r-513a/	G9	Most chiller OEMs explicitly endorse the retrofit.	Many chiller OEMs endorse the retrofit.
/r-22-vs-r-32/	G4	GWP 675 (below AIM Act 700-GWP threshold)	GWP 675 (below the 40 CFR 84.54 700-GWP limit for new residential & light-commercial AC and heat pumps, 84.54(a)(1),(c)(1))
/r-22-vs-r-32/	G9	Daikin, Mitsubishi, and LG lead with R-32; Carrier/Trane/Lennox tend toward R-454B.	Some OEMs favor R-32 for new equipment while others favor R-454B.
/r-22-vs-r-32/	G9	supporting payback within 7-12 years on typical residential installations	which helps offset the replacement cost over time
/r-22-vs-r-32/	G9	R-422D or R-438A for a 5-10 year bridge	R-422D or R-438A as an interim bridge
/r-22-vs-r-32/	G9	not widely available ... until ~2015 (Daikin launched commercially in Japan in 2012-2013, with US arrival 2018-2020)	not widely available ... until around the mid-2010s
/r-22-vs-r-407c/	G4	New equipment is more efficient than R-22-era systems and eliminates the AIM Act phase-down risk that affects R-407C too (R-407C GWP 1774, above the 700-GWP threshold for many new equipment categories).	New equipment is more efficient than R-22-era systems; new R-32 or R-454B equipment sits below the relevant 40 CFR 84.54 limit but remains a regulated HFC under the allowance phase-down, whereas R-407C (GWP 1774) exceeds the 700-GWP limit for new residential and light-commercial AC and heat pumps (84.54(a)(1), (c)(1)).
/r-22-vs-r-410a/	G9	service supply (reclaimed R-410A) remains adequate through the late 2030s	existing R-410A equipment remains serviceable with reclaimed R-410A
/r-22-vs-r-410a/	G4	Eliminates phase-down risk and modernizes the safety class (A2L).	Below the relevant 40 CFR 84.54 limit, though R-32 and R-454B are still regulated HFCs under the allowance phase-down; modernizes the safety class (A2L).
/r-22-vs-r-410a/	G1	Service supply now comes entirely from reclaimed R-22 (extracted from recovered equipment, refined to specification).	Service supply now comes from reclaimed refrigerant and pre-2020 inventory.
/r-22-vs-r-410a/	G9	Prices have risen sharply — typical wholesale prices in 2026 are 8-15x what they were a decade ago.	Prices have risen sharply.
/r-22-vs-r-410a/	G9	serviceable with reclaimed R-410A; production for service use continues through the late 2030s.	serviceable with reclaimed R-410A.
/r-22-vs-r-410a/	G9	repair and consider retrofit as a 5-10 year bridge.	repair and consider retrofit as a medium-term bridge.
/r-22-vs-r-454b/	G1	service supply is reclaimed only and shrinking	service supply comes from reclaimed refrigerant and pre-2020 inventory, and is shrinking
/r-22-vs-r-454b/	G9	Carrier, Trane, and Lennox have standardized on R-454B (marketed as Puron Advance) for their US residential AC lines.	R-454B is marketed by Carrier as Puron Advance and is a leading choice for new US residential AC lines. (kept Carrier/Puron Advance, dropped brand list)
/r-22-vs-r-454b/	G4	GWP 465 (below AIM Act 700-GWP threshold)	GWP 465 (below the 40 CFR 84.54(a)(1)/(c)(1) 700-GWP limit for new residential and light-commercial AC and heat pumps)
/r-22-vs-r-454b/	G9	a 5-10 year bridge, not a long-term answer	a bridge, not a long-term answer
/r-22-vs-r-454b/	G4	new R-454B equipment (or R-32...); eliminates phase-down risk	...; below the relevant 40 CFR 84.54 limit, though both remain regulated HFCs under the allowance phase-down
/r-22-vs-r-454b/	G9	...(465 vs R-32's 675) and is preferred by Carrier/Trane/Lennox. R-32 is preferred by Daikin/Mitsubishi/LG. ...	...(465 vs R-32's 675). Performance is comparable; OEM preference, equipment availability, and installer training... (brand lists removed)
/r-22-vs-r-454b/	G9	R-454B is preferred by Carrier, Trane, Lennox; R-32 is preferred by Daikin, Mitsubishi, LG. Performance is comparable.	Performance is comparable.
/r-22-vs-r-454b/	G4	clears the AIM Act 700-GWP threshold by a wider margin than R-32 does	clears the 40 CFR 84.54(a)(1)/(c)(1) 700-GWP limit for new residential and light-commercial AC and heat pumps by a wider margin than R-32 does
/r-22-vs-r-454b/	G9	Carrier, Trane, Lennox dealers will lead with R-454B; Daikin, Mitsubishi, LG dealers lead with R-32.	Different OEMs have standardized on one or the other, so the brands your local dealers carry often decides it.
/r-290-vs-r-600a/	G8	governed by A3 charge limits per IEC 60335-2-40, but they serve different applications	governed by A3 charge-limit standards specific to each application (IEC 60335-2-89 for commercial refrigeration, 60335-2-40 for heat pumps, 60335-2-24 for household refrigerators), but they serve different applications
/r-290-vs-r-600a/	G8	Charge limits per IEC 60335-2-24 for household refrigerators depend on the refrigerant's LFL and the room size/volume.	UL 60335-2-24 (2nd ed., incorporated by EPA SNAP, 83 FR 38969) caps flammable refrigerant at 150 g per refrigerant circuit.
/r-290-vs-r-600a/	G8	tolerate its higher A3 charge limit under IEC 60335-2-40.	tolerate its higher A3 charge limit under IEC 60335-2-89.
/r-290-vs-r-600a/	G10	essentially zero GWP (R-290 about 3, R-600a about 1)	essentially zero GWP (R-290 about 3.3, R-600a about 1)
/r-290-vs-r-600a/	G8	charge limits under IEC 60335-2-40 (for R-290 in commercial applications)	charge limits under IEC 60335-2-89 (for R-290 in commercial refrigeration)
/r-32-vs-r-410a/	G4	R-32 is the AIM-Act-compliant choice (GWP 675 < 700 threshold)	R-32 is the AIM-Act-compliant choice (GWP 675, below the 700-GWP limit for new residential and light-commercial AC and heat pumps — 40 CFR 84.54(a)(1), (c)(1))
/r-32-vs-r-410a/	G8	equipment must be designed for A2L handling (sealed electrics in the refrigerant circuit, ...)	equipment must be designed for A2L handling (ignition-protected electrical components, ...)
/r-32-vs-r-410a/	G9	Daikin and Mitsubishi favor R-32 in their VRF and split lines; Carrier favors R-454B (Puron Advance) in their US residential AC.	Some manufacturers favor R-32 in their VRF and split lines; Carrier uses R-454B (Puron Advance) in its US residential AC.
/r-32-vs-r-410a/	G9	reclaimed R-410A remains legal and will be available through the 2030s	reclaimed R-410A remains legal and available
/r-32-vs-r-410a/	G8	Technician training on A2L handling beyond standard Section 608 certification.	Recommended technician training on A2L handling beyond standard Section 608 certification.
/r-32-vs-r-454b/	G9	metaDescription: R32 pure (Daikin/Mitsubishi) vs R454B blend (Carrier/Trane)	R32 pure vs R454B blend (brand lists removed)
/r-32-vs-r-454b/	G9	largely OEM preference — Daikin/Mitsubishi favor R-32, Carrier favors R-454B	largely OEM preference (brand-preference clause removed)
/r-32-vs-r-454b/	G9	chooseA: Installing equipment from Daikin, Mitsubishi, LG, or other OEMs whose A2L product lines are built around R-32	Installing equipment from an OEM whose A2L product line is built around R-32
/r-32-vs-r-454b/	G9	chooseB: Installing equipment from Carrier (Puron Advance), Bryant, or other OEMs whose A2L product lines are built around R-454B	Installing equipment from Carrier (Puron Advance) or another OEM whose A2L product line is built around R-454B (kept Puron Advance, dropped Bryant)
/r-32-vs-r-454b/	G7	R-32 (675) and R-454B (465) both exceed the EU F-Gas 150 threshold for new stationary refrigeration	R-32 (675) and R-454B (465) are both above 150, the limit in 517/2014 Annex III rows 11 and 13
/r-32-vs-r-454b/	G7	for EU F-Gas Regulation neither is below the 150-GWP threshold for stationary refrigeration	for EU F-Gas Regulation neither is below 150, the limit in 517/2014 Annex III rows 11 and 13
/r-32-vs-r-454b/	G9	faq: Daikin, Mitsubishi, LG, and several other Asian-headquartered manufacturers favor R-32 ... they've shipped R-32 equipment globally since the late 2010s ... Carrier (Puron Advance brand), Bryant, and several US-headquartered manufacturers favor R-454B	Several Asian-headquartered manufacturers favor R-32 and have mature ecosystems; Carrier (Puron Advance brand) and several US-headquartered manufacturers favor R-454B (brand lists and since-late-2010s history removed, Puron Advance kept)
/r-32-vs-r-454b/	G9	The market has stabilized into a roughly 50/50 split with regional and brand-specific preferences	The market has stabilized with regional and brand-specific preferences (50/50 number removed)
/r-404a-vs-r-448a/	G7	very-low-GWP targets (below 150 GWP for EU F-Gas)	very-low-GWP targets (below 150, the limit in 517/2014 Annex III rows 11 and 13)
/r-404a-vs-r-448a/	G8	A2L safety class requiring IEC 60335-2-40 equipment certification (R-454C/R-455A, commercial)	A2L safety class requiring IEC 60335-2-89 equipment certification
/r-404a-vs-r-448a/	G8	A2L blends (R-454C / R-455A) which would require full IEC 60335-2-40 compliance	...would require full IEC 60335-2-89 compliance
/r-404a-vs-r-449a/	G9	…1,396 per AIM Act AR4 exchange basis; ~7.6°R average operating glide). Same POE oil.	…1,396 per AIM Act AR4 exchange basis). Same POE oil.
/r-404a-vs-r-449a/	G9	The ~7.6°R average operating glide requires accounting for in service measurement…	The temperature glide requires accounting for in service measurement…
/r-404a-vs-r-449a/	G4	sits just below the 1,400 AIM Act interim threshold the 2026 final-revision rule applies to new retail-food remote condensing units and supermarket systems through 2032 — after which the limit drops to 150/300.	sits just below the 1,400 AIM Act interim threshold, which applies to new remote condensing units from July 27, 2026 and supermarket systems from January 1, 2027, keeping R-449A a legal choice for those categories until January 1, 2032.
/r-404a-vs-r-449a/	G4	making R-449A a legal choice for new retail-food remote condensing units and supermarket systems through 2032.	making R-449A a legal choice for new remote condensing units and supermarket systems until January 1, 2032 (new stand-alone units have a 150 limit since 2025).
/r-404a-vs-r-449a/	G4	…is the more durable path — eliminates AIM Act phase-down risk entirely.	…is the more durable path — R-744 carries no allowance phase-down risk, while R-454C and R-455A remain regulated HFC blends below the applicable 40 CFR 84.54 limits.
/r-407c-vs-r-410a/	G4	new residential AC equipment manufactured 2025+ must be A2L (R-32 or R-454B) for many categories	new residential AC equipment manufactured 2025+ must use a refrigerant with GWP below 700 (84.54(a)(1), (c)(1)); in practice A2L options such as R-32 and R-454B
/r-407c-vs-r-410a/	G9	reclaimed R-410A remains available for service of existing equipment through the late 2030s	reclaimed R-410A remains available for service of existing equipment
/r-407c-vs-r-410a/	G9	remain legal for service of existing equipment indefinitely	remain legal for service of existing equipment
/workspace/hvacptcharts/content/comparisons/r-410a-vs-r-454b.mdx	G9	Reclaimed R-410A remains legal and available indefinitely under current EPA regulations; new equipment production...	Reclaimed R-410A remains legal and available under current EPA regulations; new equipment production...
/workspace/hvacptcharts/content/comparisons/r-410a-vs-r-454b.mdx	G4	R-454B is AIM-Act-compliant (GWP 465 < 700 threshold) and operates at very similar pressures	R-454B is AIM-Act-compliant (GWP 465, below the 700-GWP limit for new residential and light-commercial AC and heat pumps — 40 CFR 84.54(a)(1), (c)(1)) and operates at very similar pressures
/workspace/hvacptcharts/content/comparisons/r-410a-vs-r-454b.mdx	G9	Reclaimed R-410A remains legal and available indefinitely under current EPA regulations. (faq)	Reclaimed R-410A remains legal and available under current EPA regulations.
/workspace/hvacptcharts/content/comparisons/r-410a-vs-r-454b.mdx	G4	The 2025 AIM Act prohibition is on PRODUCTION of HFCs with GWP above 700 in NEW equipment — it does not ban R-410A for servicing existing equipment.	The 2025 AIM Act rules at 40 CFR 84.54(a)(1)/(c)(1) prohibit manufacturing/importing and installing new residential/light-commercial AC and heat pumps using a refrigerant with GWP 700 or more; servicing existing R-410A equipment is not restricted.
/workspace/hvacptcharts/content/comparisons/r-410a-vs-r-454b.mdx	G9	Prices have risen as the supply pool shrinks; expect continued availability through the 2030s at progressively higher prices.	Prices can rise as the reclaimed supply pool shrinks.
/workspace/hvacptcharts/content/comparisons/r-410a-vs-r-454b.mdx	G9	Other major US OEMs like Bryant follow Carrier's R-454B choice; Daikin and Mitsubishi favor R-32 in their global product lines.	Some other major US OEMs follow Carrier's R-454B choice, while some global manufacturers favor R-32 in their product lines.
/workspace/hvacptcharts/content/comparisons/r-410a-vs-r-454b.mdx	G9	(early A2L equipment carried a 5-10% premium; by 2026 the gap has largely closed)	(an early A2L equipment price premium has since narrowed)
/workspace/hvacptcharts/content/comparisons/r-410a-vs-r-454b.mdx	G8	A2L handling requires A2L-rated equipment and additional technician training	A2L handling uses A2L-rated equipment, with additional technician training recommended
/workspace/hvacptcharts/content/comparisons/r-410a-vs-r-454b.mdx	G4	R-454B's GWP of 465 satisfies the current AIM Act 700 threshold	R-454B's GWP of 465 is below the 700-GWP limit for new residential and light-commercial AC and heat pumps (40 CFR 84.54(a)(1), (c)(1))
/workspace/hvacptcharts/content/comparisons/r-410a-vs-r-454b.mdx	G7	but exceeds the EU F-Gas Regulation 150 threshold for new stationary refrigeration	but sits above 150, the limit in 517/2014 Annex III rows 11 and 13
/workspace/hvacptcharts/content/comparisons/r-410a-vs-r-454b.mdx	G4	in future rulemaking (a 500 or 300 threshold has been discussed), R-454B would become non-compliant	in future rulemaking, R-454B would become non-compliant
/r-448a-vs-r-449a/	G8	the A2L safety class + IEC 60335-2-40 compliance is acceptable	the A2L safety class + IEC 60335-2-89 compliance is acceptable
/r-448a-vs-r-449a/	G9	Both are widely approved by major commercial refrigeration OEMs (Hussmann, Heatcraft, Kysor, Bitzer, Copeland).	Both are widely approved by major commercial refrigeration OEMs.
/r-448a-vs-r-449a/	G9	Some OEMs (Hussmann, Heatcraft) have historically favored one supplier	Some OEMs have historically favored one supplier
/r-448a-vs-r-449a/	G9	both remain viable retrofit choices through the late 2020s and into the 2030s, with the eventual next-step being A2L	both remain viable retrofit choices, with the eventual next-step being A2L
/r-454b-vs-r-454c/	G9	Carrier's Puron Advance branding is the largest OEM adoption path.	Carrier markets R-454B equipment under its Puron Advance branding.
/r-454b-vs-r-454c/	G7+G4	brings GWP down to 146 (well under the EU F-Gas 150 threshold and comfortably under any AIM Act sector cap)	brings GWP down to 146 (below 150, the limit in 517/2014 Annex III rows 11 and 13, and below every 40 CFR 84.54 limit — the lowest is 150)
/r-454b-vs-r-454c/	G9	continued R-410A service through 2030s reclaimed supply is the interim option	continued R-410A service on reclaimed supply is the interim option
/r-454b-vs-r-454c/	G8	Both refrigerants use POE lubricant and A2L-certified equipment per UL 60335-2-40 / IEC 60335-2-40. That's the shared property.	Both refrigerants use POE lubricant and require A2L-certified equipment, but to different product standards — R-454B per UL/IEC 60335-2-40 (residential AC), R-454C per IEC 60335-2-89 (low-temperature commercial refrigeration). The A2L class and POE lubricant are the shared properties.
/r-454b-vs-r-454c/	G7+G4	R-454C at 146 — well under the EU F-Gas 150 threshold and comfortably under the AIM Act 300 GWP cap for new commercial refrigeration.	R-454C at 146 — below 150, the limit in 517/2014 Annex III rows 11 and 13, and below every 40 CFR 84.54 limit (the lowest is 150).
/r-454b-vs-r-454c/	G8	Equipment for either must comply with UL 60335-2-40 / IEC 60335-2-40: A2L-listed equipment, charge limits computed from installation room volume...	R-454B equipment complies with UL/IEC 60335-2-40 (residential AC); R-454C low-temperature commercial equipment complies with IEC 60335-2-89. Either way: charge limits computed from installation room volume...
/r-454b-vs-r-454c/	G9	Pure R-32 is used in residential AC in some markets — most notably Daikin's global R-32 lineup and other Asian-market equipment.	Pure R-32 is used in residential AC in some markets.
/workspace/hvacptcharts/content/comparisons/r-454c-vs-r-455a.mdx	G7	Both are designed to be just under the EU F-Gas 150-GWP threshold for some commercial refrigeration categories.	Both are designed to be just below 150, the limit in 517/2014 Annex III rows 11 and 13.
/workspace/hvacptcharts/content/comparisons/r-454c-vs-r-455a.mdx	G9	widely adopted by US commercial refrigeration OEMs as the R-404A replacement of choice for medium-temp	used in new medium-temp commercial refrigeration as an R-404A alternative
/workspace/hvacptcharts/content/comparisons/r-744-vs-r-290.mdx	G10	R290 (propane, GWP 3, A3 charge-limited) [metaDescription]	R290 (propane, GWP 3.3, A3 charge-limited)
/workspace/hvacptcharts/content/comparisons/r-744-vs-r-290.mdx	G10	very low GWP (R-744 = 1, R-290 = 3) [introOneLiner]	very low GWP (R-744 = 1, R-290 = 3.3)
/workspace/hvacptcharts/content/comparisons/r-744-vs-r-290.mdx	G10	R-744 = 1 by definition, R-290 = 3) [faq]	R-744 = 1 by definition, R-290 = 3.3)
/workspace/hvacptcharts/content/comparisons/r-744-vs-r-290.mdx	G9	Equipment is 30-100% more expensive than HFC alternatives for the same capacity	Equipment is more expensive than HFC alternatives for the same capacity
/workspace/hvacptcharts/content/comparisons/r-744-vs-r-290.mdx	G7	AIM Act targets HFCs; EU F-Gas targets HFCs and PFCs.	AIM Act targets HFCs; PFCs are fluorinated greenhouse gases under the EU F-gas Regulation and the EU quota phase-down applies to HFCs.
/refrigerant/r-12/	G9	pricing reflects scarcity — typical wholesale prices in 2026 are 50-200× the 1995 baseline (serviceNotes)	pricing reflects scarcity. (numeric price claim deleted)
/refrigerant/r-12/	G1	supply comes entirely from reclaimed material recovered from equipment removals (FAQ: Is R-12 still legal?)	supply comes from existing inventory and reclaimed refrigerant
/refrigerant/r-12/	G1	supply comes entirely from refrigerant recovered from equipment removals (FAQ: Why so expensive?)	supply comes from existing inventory and reclaimed refrigerant
/refrigerant/r-12/	G9	Typical wholesale prices in 2026 are 50-200× the 1995 baseline. (FAQ: Why so expensive?)	(sentence deleted; qualitative reclaim-only explanation kept)
/refrigerant/r-12/	G9	Typical 2026 wholesale prices are 50-200× the 1995 baseline. (TechSection: How to think about R-12)	(sentence deleted; "pricing reflects very limited market" kept)
/refrigerant/r-12/	G10	R-12 release has approximately 7.6× the climate impact per kg of R-410A (2088) and 5× the impact of R-404A (3922)	R-12 release has approximately 5.2× the climate impact per kg of R-410A (2088) and 2.8× the impact of R-404A (3922)
/refrigerant/r-12/	G2	…begun declining, with stratospheric ozone recovery projected through 2070.	…begun declining. The 2022 WMO/UNEP Scientific Assessment projects the ozone layer recovering to 1980 values by around 2066 over the Antarctic, 2045 over the Arctic, and 2040 for the rest of the world.
/refrigerant/r-12/	G10	R-12 release has 7-10× the climate impact per kg of even the worst modern mainstream HFCs.	R-12 release has roughly 2.8× the climate impact per kg of even the worst modern mainstream HFCs (R-404A).
/refrigerant/r-1224yd-z/	G1	Since January 1, 2020, HCFC-123 may be produced or imported only for servicing equipment made before that date; all production and import ends January 1, 2030	Since 2015, HCFC-123 may be produced or imported only as a refrigerant for equipment made before January 1, 2020; no production or import from January 1, 2030
/refrigerant/r-1224yd-z/	G1	R-123 production was banned in the US on January 1, 2020 under the HCFC schedule (despite its very low GWP).	Since 2015, HCFC-123 may be produced or imported only as a refrigerant for equipment made before January 1, 2020; no production or import from January 1, 2030.
/refrigerant/r-1224yd-z/	G9	Most chiller owners face a 5-15 year window of practical service availability before retrofit or replacement becomes the only option.	Chiller owners face a limited window of practical service availability before retrofit or replacement becomes the only option.
/refrigerant/r-123/	G1	introOneLiner: US production banned 1 January 2020	US production/import allowed since 2015 only for pre-2020 equipment, ends entirely 1 January 2030
/refrigerant/r-123/	G1	epacfr82 source label: (R-123 production/import ended 1 Jan 2020)	(R-123 made since 2015 only for pre-2020 equipment; all HCFC production/import ends 1 Jan 2030)
/refrigerant/r-123/	G1	epacfr82 source date: R-123 production/import ended 1 Jan 2020	all HCFC production/import ends 1 Jan 2030
/refrigerant/r-123/	G1	keyStats Production status: value 'US production/import ended', unit '1 Jan 2020', context '...(all-HCFC end 2030)'	value 'US production/import ends', unit '1 Jan 2030', context 'made since 2015 only for pre-2020 equipment; reclaimed supply for servicing'
/refrigerant/r-123/	G1	whatItIs: US production was banned on 1 January 2020 under the Montreal Protocol HCFC schedule	since 2015 produced only for pre-2020 equipment, no US production/import from 1 January 2030
/refrigerant/r-123/	G1	phaseDownStatus: R-123 US production was banned on 1 January 2020 under the HCFC schedule	since 2015 produced only for pre-2020 equipment, no US production/import from 1 January 2030
/refrigerant/r-123/	G9	phaseDownStatus: service supply will continue via reclaimed R-123 indefinitely	service supply relies on reclaimed R-123
/refrigerant/r-123/	G1	FAQ: Production was banned on 1 January 2020 under the HCFC phase-out	since 2015 produced only for pre-2020 equipment, production and import ending 1 January 2030
/refrigerant/r-123/	G1	FAQ: 40 CFR Part 82 Subpart A: production banned 1 January 2020	since 2015 produced only for pre-2020 equipment, no production/import from 1 January 2030
/refrigerant/r-123/	G1	FAQ: New production has been banned in the US since 1 January 2020	since 2015 production/import allowed only for pre-2020 equipment, ending entirely 1 January 2030
/refrigerant/r-123/	G9	TechSection: (thousands of large commercial chillers in the US) ... Service supply via reclaimed R-123 will continue indefinitely	(large commercial chillers across the US) ... Service supply for existing chillers relies on reclaimed R-123
/refrigerant/r-1233zd-e/	G6	sources: snap label "EPA SNAP — R-1233zd(E) acceptable for chiller R-123 replacement"	"EPA SNAP — R-1233zd(E) acceptable in new centrifugal chillers" (us.snap lists it new-only)
/refrigerant/r-1233zd-e/	G6	EPA SNAP has approved R-1233zd(E) for R-123 chiller replacement without ozone-depletion concerns [snap]	EPA SNAP lists R-1233zd(E) as acceptable for new centrifugal chillers [snap]
/refrigerant/r-1233zd-e/	G6	EPA SNAP has approved R-1233zd(E) for R-123 chiller replacement [snap]	EPA SNAP lists R-1233zd(E) as acceptable for new centrifugal chillers [snap]
/refrigerant/r-1233zd-e/	G1	US R-123 production banned January 2020	R-123 produced/imported since 2015 only for pre-Jan-1-2020 equipment; no production or import from January 1, 2030 (EPA)
/refrigerant/r-1233zd-e/	G6	...can be retrofitted to R-1233zd(E) with operational equivalence	per EPA SNAP R-1233zd(E) is listed for new centrifugal chillers only; SNAP retrofit options are HFO-1336mzz(Z), R-1224yd(Z), R-514A
/refrigerant/r-1234yf/	G9	developed jointly by Honeywell and Chemours in the late 2000s	developed jointly by Honeywell and DuPont (whose chemicals business is now Chemours) in the late 2000s
/refrigerant/r-1234yf/	G7	the value sits below every regulatory threshold including the 150-GWP threshold of Regulation (EU) No 517/2014 Annex III (replaced by (EU) 2024/573) for the strictest categories [aimact][eumac]	the value sits below every applicable GWP threshold [aimact][eumac] (dropped EU F-Gas threshold claim — R-1234yf is a pure HFO, not F-gas-covered)
/refrigerant/r-1234yf/	G5	**1 on the US EPA 100-yr basis (40 CFR 84.64)** — the figure the AIM Act exchange-value table and every manufacturer datasheet (Honeywell Solstice yf, Chemours Opteon YF) use for compliance and reporting	**1 on the US EPA basis (40 CFR 84.64(b) Table 1); IPCC AR5 lists <1**
/refrigerant/r-1234yf/	G10	R-290 (propane, GWP 3)	R-290 (propane, GWP 3.3)
/refrigerant/r-1234yf/	G8	sealed electrical components in the refrigerant circuit	ignition-protected electrical components
/refrigerant/r-1234yf/	G9	Post-adoption real-world data through 2017-2026 has not shown elevated vehicle-fire incidents	Post-adoption real-world experience has not shown elevated vehicle-fire incidents
/refrigerant/r-1234yf/	G9	R-1234yf production capacity has scaled significantly since 2017 to meet global MAC demand; pricing has come down from initial premium levels. The pricing gap vs R-134a has narrowed considerably through 2020-2026.	R-1234yf production capacity has scaled to meet global MAC demand, and pricing has come down from its initial premium levels.
/refrigerant/r-1234ze-e/	G7	its GWP of 1 (...) is far below AIM Act and EU F-Gas cutoffs.	its GWP of 1 (...) is far below AIM Act cutoffs.
/refrigerant/r-1234ze-e/	G5/G10	...40 CFR 84.64, used in regulatory math; ≈1.4 by strict IPCC AR6 and similarly low by AR5)	...40 CFR 84.64, used in regulatory math; below 1 by strict IPCC AR5)
/refrigerant/r-1234ze-e/	G5	on the US EPA basis (40 CFR 84.64) used in regulatory math — the value Honeywell Solstice ze literature cites for compliance and reporting.	on the US EPA basis (40 CFR 84.64(b) Table 1) used in regulatory math; IPCC AR5 lists it below 1.
/refrigerant/r-1234ze-e/	G5/G10	The strict IPCC AR5 / AR6 100-yr GWP is **near 1** (AR6 ≈1.4), reflecting improved atmospheric chemistry modeling and R-1234ze(E)'s ~16-day atmospheric lifetime.	R-1234ze(E)'s ~16-day atmospheric lifetime means the underlying climate impact is essentially negligible
/refrigerant/r-1234ze/	G5	keyStats GWP context: "the US EPA figure (40 CFR 84.64) Honeywell Solstice ze literature uses for compliance" + "IPCC AR5/AR6 ... near 1 (AR6 ≈1.4)"	"1 on the US EPA basis (40 CFR 84.64(b) Table 1); IPCC AR5 lists below 1"
/refrigerant/r-1234ze/	G5	FAQ GWP: "on the US EPA basis (40 CFR 84.64) — the value Honeywell Solstice ze literature cites for compliance and reporting"	"on the US EPA basis (40 CFR 84.64(b) Table 1); IPCC AR5 lists below 1"
/refrigerant/r-1234ze/	G5	GWP TechSection: "per 40 CFR 84.64 (the figure the AIM Act exchange-value table and Honeywell Solstice ze literature cite for compliance) ... near 1 under strict IPCC AR5/AR6 (AR6 ≈1.4)"	"1 on the US EPA basis (40 CFR 84.64(b) Table 1); IPCC AR5 lists below 1" (HFOs are not in the exchange-value table)
/refrigerant/r-1234ze/	G10	GWP TechSection tier list: "R-290 propane (GWP 3)"	"R-290 propane (GWP 3.3)"
/refrigerant/r-1234ze/	G7	phaseDownStatus: "below every regulatory threshold including the EU F-Gas 150-GWP threshold [aimact][eufgas]"	"below every regulatory threshold [aimact]" (EU F-Gas claim deleted; pure HFOs are not F-gas covered)
/refrigerant/r-1234ze/	G7/G2	GWP TechSection: "The very-low GWP eliminates phase-down risk under AIM Act, EU F-Gas Regulation, and Kigali Amendment."	"As a pure HFO, R-1234ze is not a controlled substance under the AIM Act HFC allowance phase-down or Kigali Annex F (HFOs are not listed), so its very-low GWP carries no phase-down risk."
/refrigerant/r-1234ze/	G7	GWP TechSection: "EU chiller installations increasingly specify R-1234ze for compliance with tightening F-Gas thresholds; US chiller installations are following the same trajectory through the 2020s."	"increasingly specified for very-low-GWP regulatory positioning" (EU F-Gas compliance rationale + US-trajectory claim deleted)
/refrigerant/r-1234ze/	G9	whereItsUsed: "Centrifugal chillers — new equipment installations (Carrier AquaForce 30XV-VFD, others)"	"Centrifugal chillers — new equipment installations" (brand/model list removed)
/refrigerant/r-124/	G1	introOneLiner: "Production phased out in the US on January 1, 2015 under the HCFC schedule."	"Since 2015 produced or imported in the US only as a refrigerant for equipment made before January 1, 2020; no production or import from January 1, 2030 (EPA)."
/refrigerant/r-124/	G1	whatItIs: "US production was phased out on January 1, 2015 alongside other small-volume HCFCs."	"Since 2015 it has been produced or imported only as a refrigerant for equipment made before January 1, 2020, with no production or import from January 1, 2030 (EPA)."
/refrigerant/r-124/	G1	phaseDownStatus: "R-124 production has been banned in the US since January 1, 2015 under the HCFC phase-out schedule."	"Since 2015 R-124 has been produced or imported in the US only as a refrigerant for equipment made before January 1, 2020, with no production or import from January 1, 2030 (EPA)."
/refrigerant/r-124/	G1	faq: "The Montreal Protocol HCFC phase-out schedule eliminated R-124 production in the US on January 1, 2015 as part of the broader HCFC elimination."	"Under the Montreal Protocol HCFC schedule, since 2015 R-124 has been produced or imported in the US only as a refrigerant for equipment made before January 1, 2020, with no production or import from January 1, 2030 (EPA)."
/refrigerant/r-124/	G1	faq: "New production has been banned since 2015."	"Since 2015 it has been produced or imported only as a refrigerant for equipment made before January 1, 2020, with no production or import from January 1, 2030 (EPA)."
/refrigerant/r-125/	G4	R-404A in commercial refrigeration through 2024-2025 (inside phaseDownStatus parenthetical)	R-404A restricted by subsector 2025–2027 under 40 CFR 84.54
/refrigerant/r-125/	G4	R-404A (44% R-125) phase-down in commercial refrigeration through 2024-2025.	R-404A (44% R-125) restricted by subsector 2025–2027 (40 CFR 84.54).
/refrigerant/r-1270/	G10	Both are A3 (highly flammable), GWP 2-3, hydrocarbon.	Both are A3 (highly flammable), GWP 2-3.3, hydrocarbon.
/refrigerant/r-1270/	G8	appropriate for small refrigerators (R-600a) but not split-system AC.	appropriate for small refrigerators (R-600a).
/workspace/hvacptcharts/content/refrigerants/r-134a.mdx	G9	...persisted as the dominant mobile AC and centrifugal chiller refrigerant for three decades after the R-12 phase-out.	...persisted as the dominant mobile AC and centrifugal chiller refrigerant after the R-12 phase-out.
/workspace/hvacptcharts/content/refrigerants/r-134a.mdx	G9	The transition began with mobile AC in the early 1990s (Chrysler 1992, Ford 1993, GM 1994) and propagated through chillers...	The transition began with mobile AC in the early 1990s and propagated through chillers...
/workspace/hvacptcharts/content/refrigerants/r-134a.mdx	G7	...blanket refrigerant bans. The 150-GWP threshold remains the EU benchmark for the most aggressive refrigerant categories.	...blanket refrigerant bans.
/workspace/hvacptcharts/content/refrigerants/r-134a.mdx	G9	Reclaimed R-134a will fill an increasing share of the service market. Pricing will rise gradually but stays below the steep curve R-22 has followed since 2020, because the R-134a installed base is much larger and the phase-down is more gradual.	Reclaimed R-134a will fill an increasing share of the service market.
/refrigerant/r-143a/	G9	Service supply for existing R-404A and R-507A equipment will continue indefinitely (reclaimed and ongoing production allocations), but production volumes for new R-143a-containing blends are decreasing.	Service supply for existing R-404A and R-507A equipment comes from reclaimed refrigerant and ongoing production allocations, but production volumes for new R-143a-containing blends are decreasing.
/refrigerant/r-218/	G7	The EU F-Gas Regulation includes PFCs, including R-218, in its phase-down scope; US regulation of PFCs has been more focused on semiconductor manufacturing emissions.	PFCs are fluorinated greenhouse gases under the F-gas Regulation; the EU quota phase-down applies to HFCs. US regulation of PFCs has been more focused on semiconductor manufacturing emissions.
/refrigerant/r-22/	G1	sources epacfr82 date: "Final HCFC production phase-out: 1 Jan 2020"	date: "HCFC-22/142b ended 1 Jan 2020; all HCFCs 1 Jan 2030"
/refrigerant/r-22/	G9	reclaimed R-22 wholesale prices have climbed 8-15× their pre-phaseout levels	reclaimed R-22 wholesale prices have climbed well above their pre-phaseout levels
/refrigerant/r-22/	G1	The service supply now comes entirely from reclaimed material	The service supply now comes from reclaimed refrigerant and pre-2020 inventory
/refrigerant/r-22/	G9	Typical wholesale prices in 2026 are roughly 8-15× the pre-phaseout (2019) baseline	Wholesale prices in 2026 are well above the pre-phaseout (2019) baseline
/refrigerant/r-22/	G9	it stayed dominant in field service for 60 years	it stayed dominant in field service for decades
/refrigerant/r-22/	G4	the threshold (700 GWP) sits below R-410A's 2088	the 700-GWP limit for new residential and light-commercial AC and heat pumps (40 CFR 84.54(a)(1),(c)(1)) sits below R-410A's 2088
/refrigerant/r-22/	G9	Service costs have risen 8-15× from 2019 baseline as reclaim supply tightens	Service costs have risen sharply from the 2019 baseline as reclaim supply tightens
/refrigerant/r-22/	G9	reclaimed R-22 supply will continue indefinitely under current EPA Section 608 rules	servicing with reclaimed R-22 remains legal under current EPA Section 608 rules
/refrigerant/r-22/	G9	By the late 2030s, the R-22 service market will be a small, specialty segment	In time, the R-22 service market will become a small, specialty segment
/refrigerant/r-22/	G9	R-32 (Daikin, Mitsubishi, LG, Fujitsu equipment lines) and R-454B (Carrier, Trane, Lennox lines)	R-32 and R-454B (brand lists deleted)
/refrigerant/r-22/	G4	both fall below the AIM Act 700-GWP threshold that applies to HFC systems	both fall below the 700-GWP limit for new residential and light-commercial AC and heat pumps (40 CFR 84.54(a)(1),(c)(1))
/workspace/hvacptcharts/content/refrigerants/r-245fa.mdx	G8	leak-detection per ASHRAE 15 Table 8-2.	leak-detection per ASHRAE 15.
/workspace/hvacptcharts/content/refrigerants/r-245fa.mdx	G9	Consult OEM (Honeywell, Carrier, Trane, etc.) for application-specific retrofit guidance.	Consult OEM documentation for application-specific retrofit guidance.
/workspace/hvacptcharts/content/refrigerants/r-245fa.mdx	G9	New ORC installations from 2025+ predominantly specify R-1233zd(E) or R-1336mzz(Z).	New ORC installations increasingly specify R-1233zd(E) or R-1336mzz(Z).
/workspace/hvacptcharts/content/refrigerants/r-245fa.mdx	G9	new installations from 2024+ predominantly specify R-1233zd(E) for both ORC and chiller applications.	new installations increasingly specify R-1233zd(E) for both ORC and chiller applications.
/workspace/hvacptcharts/content/refrigerants/r-245fa.mdx	G9	with installed base in tens of thousands of geothermal power units and industrial waste-heat-recovery systems worldwide.	with a large installed base in geothermal power and industrial waste-heat-recovery systems worldwide.
/refrigerant/r-290/	G10	introOneLiner: "...natural hydrocarbon refrigerant with GWP 3, zero ODP..."	"...with GWP 3.3, zero ODP..."
/refrigerant/r-290/	G10	keyStats GWP (100-yr) value: "3"	value: "3.3"
/refrigerant/r-290/	G10	whatItIs: "...refrigerant with GWP 3, zero ODP, and A3..."	"...with GWP 3.3, zero ODP, and A3..."
/refrigerant/r-290/	G10	phaseDownStatus: "...GWP 3 is below any regulatory threshold..."	"...GWP 3.3 is below any regulatory threshold..."
/refrigerant/r-290/	G10	FAQ answer: "3 — essentially zero compared to HFC alternatives."	"3.3 — essentially zero compared to HFC alternatives."
/refrigerant/r-290/	G10	"...its very low GWP (3)."	"...its very low GWP (3.3)."
/refrigerant/r-290/	G10	"...no chlorine in the molecule) and GWP 3 [ipccar5]."	"...and GWP 3.3 [ipccar5]."
/refrigerant/r-290/	G10	"R-290 at GWP 3 represents a 600-1300× climate impact reduction..."	"R-290 at GWP 3.3 represents..."
/refrigerant/r-290/	G6	sources entry epasnap labelled "EPA SNAP — R-290 acceptable for specific commercial refrigeration end-uses"	source entry deleted (unverified SNAP acceptability claim, not in us.snap)
/refrigerant/r-290/	G6	phaseDownStatus: "...outside those frameworks [epasnap]."	"...outside those frameworks." ([epasnap] citation removed)
/refrigerant/r-290/	G6	FAQ: "...outside any GWP-based phase-down framework [ipccar5][epasnap]."	"...framework [ipccar5]." ([epasnap] removed)
/refrigerant/r-290/	G7	FAQ: "EU F-Gas Regulation revisions (2024) target tighter HFC thresholds in residential heat pumps."	deleted; rewritten to "...sits well below any F-gas threshold... as the EU phases down high-GWP HFCs."
/refrigerant/r-290/	G7	driver (1): "EU F-Gas Regulation 2024 revisions target sub-150-GWP refrigerants in residential heat pump categories through 2030"	"EU F-Gas regulation pushes new equipment toward very low GWP"
/refrigerant/r-290/	G9	FAQ brand list: "EU heat pump OEMs (Vaillant, Daikin, Mitsubishi, Bosch, Viessmann, Stiebel Eltron) have launched...extensively through 2022-2025."	"EU heat pump OEMs have launched R-290 monobloc air-source heat pump lines at scale."
/refrigerant/r-290/	G9	"...framework — annual installation rates roughly doubled from pre-2020 baselines."	clause deleted
/refrigerant/r-290/	G9	model list: "Major EU heat pump OEMs (Vaillant aroTHERM plus, Daikin Altherma 3 R MT, Mitsubishi Ecodan R290, Bosch Compress 7400i AW, Viessmann Vitocal 250-A) shipped...through 2023-2026."	"Major EU heat pump OEMs have shipped R-290 monobloc heat pumps at scale."
/refrigerant/r-290/	G9	"Market analysts expect R-290 to take majority share of new EU residential heat pump installations by 2027-2028."	sentence deleted
/refrigerant/r-290/	G9	"US adoption is lagging EU by approximately 3-5 years. Acceleration is expected through 2026-2030."	"US adoption trails the EU but is expected to accelerate as charge-limit standards converge."
/refrigerant/r-290/	G9	insight: "US adoption is expected to follow through 2026-2030 as charge limit standards converge."	"US adoption is expected to follow as charge limit standards converge."
/refrigerant/r-290/	G8	"...keeping the worst-case release concentration below 50% of LFL... Below this limit, even total refrigerant release..."	"...so that a worst-case release stays below the flammable range... Within these limits, even total refrigerant release..."
/refrigerant/r-32/	G9	Residential central AC — new equipment 2025+ (Daikin, Mitsubishi, LG, Fujitsu lead)	Residential central AC — new equipment 2025+
/refrigerant/r-32/	G4	R-32 itself is not subject to active phase-down. Its GWP of 675 sits just below the AIM Act 700-GWP threshold for new residential AC equipment	R-32 is a regulated HFC under the AIM Act allowance phase-down, but its GWP of 675 sits below the 40 CFR 84.54(a)(1)/(c)(1) limit of 700 for new residential and light-commercial AC and heat pumps
/refrigerant/r-32/	G7	Long-term, the EU F-Gas Regulation revision (2024) targets even lower GWP thresholds in some segments, which may eventually pressure R-32.	Regulation (EU) 2024/573 has applied since 11 March 2024 and adds further prohibitions on F-gas equipment, products and use; its Annex IV is the current EU list.
/refrigerant/r-32/	G9	Daikin / Mitsubishi / LG / Fujitsu favor pure R-32; Carrier / Trane / Lennox favor R-454B.	some OEMs favor pure R-32 while others favor R-454B.
/refrigerant/r-32/	G9	US Daikin / Mitsubishi / LG / Fujitsu carried that experience forward ... Carrier / Trane / Lennox standardized on R-454B as an alternative path.	Manufacturers with that early R-32 experience carried it forward ... Others standardized on R-454B as an alternative path.
/refrigerant/r-32/	G2	it's a hydrofluorocarbon (HFC), classified separately, and not on the Montreal Protocol controlled substances list.	which is a hydrofluorocarbon (HFC) rather than an HCFC. HFCs are controlled substances under the Montreal Protocol's Kigali Amendment (2016), listed in Annex F, with a phase-down under Article 2J. HFOs and HCFOs are not listed.
/refrigerant/r-32/	G10	allow R-32 (and the slightly lower R-454B at 465)	allow R-32 (and the lower R-454B at 465)
/refrigerant/r-32/	G4	when comparing R-32 to the 700-GWP threshold, use the regulatory figure of 675.	when comparing R-32 to the 40 CFR 84.54(a)(1)/(c)(1) limit of 700 for new residential and light-commercial AC and heat pumps, use the regulatory figure of 675.
/refrigerant/r-32/	G9	timeline rows: 2014-2016 Mitsubishi Electric and LG follow; 2017-2019 EU deployment ahead of F-Gas tightening; 2018-2020 US market entry Daikin and Mitsubishi; 2024 Carrier, Trane, Lennox announce R-454B	unsourced brand/adoption rows removed; kept sourced 2012 Daikin Japan launch [daikin], 2018-onward US entry [daikin], and the 1 Jan 2025 AIM Act row
/refrigerant/r-32/	G9	US Carrier, Trane, and Lennox standardized on R-454B ... both clear the AIM Act 700-GWP threshold	Some US OEMs standardized on R-454B ... both clear the 40 CFR 84.54(a)(1)/(c)(1) limit for new residential and light-commercial AC and heat pumps
/refrigerant/r-32/	G9	Daikin / Mitsubishi / LG / Fujitsu lines use R-32; Carrier / Trane / Lennox lines use R-454B.	some OEM lines use R-32, others use R-454B.
/refrigerant/r-32/	G7	GWP 675 sits below the AIM Act 700 threshold ... EU F-Gas Regulation revisions (2024) target tighter thresholds ... small split AC may face sub-150-GWP requirements by 2030 ... The US is not on that trajectory in 2026.	GWP 675 sits below the 40 CFR 84.54(a)(1)/(c)(1) limit of 700 for new residential and light-commercial AC and heat pumps (EU speculation deleted)
/refrigerant/r-404a/	G9	It became the dominant low-temp HFC for ~25 years before the GWP phase-down pressure overtook it.	It became the dominant low-temp HFC before the GWP phase-down pressure overtook it.
/refrigerant/r-404a/	G9	R-404A persisted as the low-temperature commercial standard for 25 years despite the GWP problem	R-404A persisted as the low-temperature commercial standard despite the GWP problem
/refrigerant/r-404a/	G9	Reclaimed R-404A will fill an increasing share of the service market. Pricing will rise, similar to R-22's trajectory after 2020, accelerating the repair-versus-replace decision toward replacement for major component failures.	Reclaimed R-404A will fill an increasing share of the service market, accelerating the repair-versus-replace decision toward replacement for major component failures.
/refrigerant/r-407a/	G4	GWP of 2107 is above the AIM Act 700 threshold for new commercial refrigeration equipment	GWP of 2107 is above the applicable 40 CFR 84.54 limits for the commercial refrigeration subsectors where it would be used
/refrigerant/r-407c/	G6	sources entry: id snap, label "EPA SNAP — R-407C acceptable for R-22 retrofit"	deleted the SNAP source entry (not among the verified us.snap listings)
/refrigerant/r-407c/	G6	keyStats Application: sourceId: snap	removed the SNAP sourceId reference (kept the plain R-22-retrofit chemistry stat)
/refrigerant/r-407c/	G9	The most-deployed R-22 retrofit refrigerant since the early 2000s	A widely used R-22 retrofit refrigerant since the early 2000s
/refrigerant/r-407c/	G9	R-407C remains the dominant choice ... with the widest equipment-compatibility track record	R-407C remains a common choice ... with a broad equipment-compatibility track record
/refrigerant/r-407c/	G9	acceptable for systems with 5-10 years of remaining equipment life	acceptable for systems with limited remaining equipment life
/refrigerant/r-407c/	G9	R-407C captured the largest share of R-22 retrofit market	R-407C was widely adopted for R-22 retrofit
/refrigerant/r-407c/	G9	R-407C continues to be the dominant choice for R-22 retrofit	R-407C remains a common choice for R-22 retrofit
/refrigerant/r-407c/	G9	service supply will remain available through 2030+ via reclaimed R-407C	service supply will remain available via reclaimed R-407C
/refrigerant/r-407c/	G4	(GWP 1774 above 700-GWP threshold)	(GWP 1774, above the 700 limit for new residential and light-commercial AC and heat pumps under 40 CFR 84.54(a)(1),(c)(1))
/refrigerant/r-407f/	G4	above the AIM Act 700 threshold for new equipment	above the applicable 40 CFR 84.54 limit for new equipment — see the refrigerant's page
/workspace/hvacptcharts/content/refrigerants/r-410a.mdx	G9	Pricing will track scarcity — expect rising costs through the 2030s.	Pricing will track scarcity — expect rising costs.
/workspace/hvacptcharts/content/refrigerants/r-410a.mdx	G4	once the AIM Act's 700-GWP threshold made R-410A non-viable for new equipment.	once the AIM Act's 700-GWP limit for new residential and light-commercial AC and heat pumps made R-410A non-viable there.
/workspace/hvacptcharts/content/refrigerants/r-410a.mdx	G9	Carrier, Trane, and Lennox went a different direction with R-454B (...)	Others went a different direction with R-454B (...)
/workspace/hvacptcharts/content/refrigerants/r-410a.mdx	G9	...will fill an increasing share of the service market. By 2036 the service market is expected to be majority-reclaimed.	...will fill an increasing share of the service market.
/workspace/hvacptcharts/content/refrigerants/r-410a.mdx	G9	the choice is R-32 (Daikin, Mitsubishi, LG, Fujitsu) or R-454B (Carrier, Trane, Lennox).	the choice is R-32 or R-454B.
/workspace/hvacptcharts/content/refrigerants/r-410a.mdx	G9	Refrigerant cost will rise gradually through the 2030s as virgin production allocations decline;	Refrigerant cost will rise gradually as virgin production allocations decline;
/refrigerant/r-417a/	G4	places it above the AIM Act 700 threshold for new equipment	places it above the 40 CFR 84.54 GWP limit of 700 for new residential and light-commercial AC and heat pumps (84.54(a)(1), (c)(1))
/refrigerant/r-417a/	G10	R-417A is actually slightly higher GWP than the R-22 it replaces	R-417A is actually higher GWP than the R-22 it replaces
/workspace/hvacptcharts/content/refrigerants/r-421a.mdx	G4	GWP of 2631 is above the AIM Act 700 threshold for new equipment	GWP of 2631 is above every applicable 40 CFR 84.54 GWP limit for new equipment — for example the 700 limit for new residential and light-commercial AC and heat pumps (84.54(a)(1),(c)(1))
/refrigerant/r-422b/	G4	its GWP of 2526 is well above the 700-GWP threshold for HVAC equipment	its GWP of 2526 is well above the 700-GWP limit for new residential and light-commercial AC and heat pumps (40 CFR 84.54(a)(1), (c)(1))
/refrigerant/r-422b/	G4	This is well above the AIM Act 700-GWP threshold for new equipment	This is well above the 700-GWP limit for new residential and light-commercial AC and heat pumps (40 CFR 84.54(a)(1), (c)(1))
/refrigerant/r-422d/	G9	R-422D supply will continue indefinitely under EPA Section 608 rules. Pricing trends parallel other high-GWP HFC blends through the AIM Act production schedule.	R-422D remains available for servicing existing systems under EPA Section 608 rules.
/refrigerant/r-422d/	G9	For existing R-22-to-R-422D retrofits, service supply will continue indefinitely. Pricing trends parallel other high-GWP HFC blends through the AIM Act production schedule.	For existing R-22-to-R-422D retrofits, service supply remains available.
/refrigerant/r-427a/	G4	R-427A's GWP of 2138 is above the AIM Act 700 threshold for new equipment.	R-427A's GWP of 2138 is above the 700-GWP limit for new residential and light-commercial AC and heat pumps (40 CFR 84.54(a)(1), (c)(1)).
/refrigerant/r-427a/	G4	though still above the AIM Act 700 threshold for new equipment.	though still above the 700-GWP limit for new residential and light-commercial AC and heat pumps (40 CFR 84.54(a)(1), (c)(1)).
/workspace/hvacptcharts/content/refrigerants/r-438a.mdx	G9	For service of existing R-438A retrofits, supply will continue indefinitely.	For service of existing R-438A retrofits, refrigerant remains available for servicing.
/workspace/hvacptcharts/content/refrigerants/r-438a.mdx	G9	R-422D's simpler composition is older (mid-2000s).	R-422D's simpler composition is older. (removed unsourced history date)
/workspace/hvacptcharts/content/refrigerants/r-438a.mdx	G9	The choice is typically driven by Honeywell distributor recommendations and equipment OEM specifications.	The choice is typically driven by equipment OEM specification or distributor availability. (removed unsourced/incorrect brand attribution — R-438A is a Chemours product)
/workspace/hvacptcharts/content/refrigerants/r-438a.mdx	G9	For service technicians, R-438A work is occasional — Honeywell-specified retrofits from the 2010s era. Service supply will continue indefinitely; pricing trends parallel other high-GWP HFC blends through the AIM Act schedule.	For service technicians, R-438A work is occasional — older R-22 retrofit installations. Refrigerant remains available for servicing existing systems. (removed brand claim, 2010s history date, 'indefinitely' overclaim, and unsourced pricing claim)
/refrigerant/r-448a/	G9	The dominant R-404A drop-in retrofit refrigerant preserving A1 classification.	A widely used R-404A drop-in retrofit refrigerant preserving A1 classification.
/refrigerant/r-448a/	G6	sources entry: id: snap — label "EPA SNAP — R-448A acceptable for commercial refrigeration retrofit and new equipment"	source entry deleted (R-448A not in verified us.snap listings)
/refrigerant/r-448a/	G6	Application keyStat had sourceId: snap	sourceId: snap removed
/refrigerant/r-448a/	G6	...accept R-448A without equipment-level redesign [snap].	...accept R-448A without equipment-level redesign.
/refrigerant/r-448a/	G9	it has captured substantial commercial refrigeration retrofit market share through 2017-2026.	it is widely used for commercial refrigeration retrofit.
/refrigerant/r-449a/	G6	Application keyStat cites SNAP as its source: `context: Drop-in retrofit; A1 preserved... / sourceId: snap`	removed `sourceId: snap` (R-449A's retail-food/retrofit SNAP listing is not in verified us.snap); kept the plain R-404A-retrofit application statement
/refrigerant/r-449a/	G6	sources: `- id: snap / EPA SNAP — Significant New Alternatives Policy program / https://www.epa.gov/snap`	removed the orphaned SNAP source definition (its only reference was the deleted keyStat attribution)
/workspace/hvacptcharts/content/refrigerants/r-450a.mdx	G4	R-450A's GWP of 601 is below the AIM Act 700-GWP threshold for residential AC.	R-450A's GWP of 601 is below the 700-GWP limit for comfort-cooling chillers (40 CFR 84.54(a)(10)(i), (c)(3)).
/workspace/hvacptcharts/content/refrigerants/r-450a.mdx	G4	both clear AIM Act 700-GWP threshold and face similar EU F-Gas Regulation positioning.	both fall below the 700-GWP limit for comfort-cooling chillers (40 CFR 84.54(a)(10)(i), (c)(3)) and face similar EU F-Gas Regulation positioning.
/workspace/hvacptcharts/content/refrigerants/r-450a.mdx	G10	uses R-1234ze(E) (slightly higher GWP individually than R-1234yf but lower vapor pressure)	uses R-1234ze(E) (lower vapor pressure than R-1234yf)
/workspace/hvacptcharts/content/refrigerants/r-450a.mdx	G10	R-1234ze(E) has marginally higher GWP than R-1234yf but lower vapor pressure, producing a blend...	R-1234ze(E) has lower vapor pressure than R-1234yf, producing a blend...
/workspace/hvacptcharts/content/refrigerants/r-450a.mdx	G9	R-450A is a transitional refrigerant for R-134a equipment retrofit through the late 2020s.	R-450A is a transitional refrigerant for R-134a equipment retrofit.
/refrigerant/r-452a/	G7	still above the EU F-Gas 150 threshold ... for most stationary applications	still above 150 (the limit in EU 517/2014 Annex III rows 11 and 13)
/refrigerant/r-452a/	G4	the AIM Act 700 new-equipment threshold for most stationary applications	the 700-GWP limit 40 CFR 84.54 sets for new residential and light-commercial AC and heat pumps and other stationary categories
/refrigerant/r-452b/	G4	just barely below the AIM Act 700 threshold for new residential AC equipment (whatItIs)	just barely below the 700-GWP limit in 40 CFR 84.54(a)(1), (c)(1) for new residential and light-commercial AC and heat pumps
/refrigerant/r-452b/	G4	sits just below the AIM Act 700 threshold for new residential AC equipment (phaseDownStatus)	sits just below the 700-GWP limit in 40 CFR 84.54(a)(1), (c)(1) for new residential and light-commercial AC and heat pumps
/refrigerant/r-452b/	G9	Daikin and Mitsubishi favor R-32 (driven by their global VRF and split product lines); Carrier favors R-454B (Puron Advance brand continuity); other manufacturers vary	broadly between R-32 and R-454B (Carrier's Puron Advance is R-454B) — brand list removed, qualitative point and Carrier Puron Advance kept
/refrigerant/r-452b/	G8	A2L safety class requires: ...; technician training on A2L handling beyond standard EPA Section 608.	...A2L-rated recovery cylinders. Technician training on A2L handling beyond standard EPA Section 608 is recommended.
/refrigerant/r-452b/	G4	falls below the AIM Act 700 threshold for new residential AC equipment (faq)	falls below the 700-GWP limit in 40 CFR 84.54(a)(1), (c)(1) for new residential and light-commercial AC and heat pumps
/refrigerant/r-452b/	G4	any future regulatory tightening (say, a 500-GWP threshold for stationary equipment) would constrain R-452B	any future regulatory tightening would constrain R-452B — speculative 500-GWP parenthetical deleted
/refrigerant/r-454b/	G4	introOneLiner: "...under the AIM Act 700-GWP threshold."	"...below the 40 CFR 84.54 700-GWP limit for new residential and light-commercial AC and heat pumps."
/refrigerant/r-454b/	G6	snap source: "EPA SNAP — R-454B acceptable for residential AC"	source entry deleted (unverified SNAP acceptability claim)
/refrigerant/r-454b/	G4	keyStats context: "Below AIM Act 700-GWP threshold; lower than pure R-32 (675)"	"Below the 40 CFR 84.54 700-GWP limit for new residential/light-commercial AC and heat pumps; lower than pure R-32 (675)"
/refrigerant/r-454b/	G9	OEM adoption value "Carrier / Trane / Lennox"; context "...Daikin/Mitsubishi favor pure R-32"	value "Puron Advance (Carrier)"; context "Carrier's brand for its R-410A-replacement refrigerant"
/refrigerant/r-454b/	G4	whatItIs: "...well below the AIM Act 700-GWP threshold for new residential AC equipment."	"...well below the 40 CFR 84.54(a)(1),(c)(1) 700-GWP limit for new residential and light-commercial AC and heat pumps."
/refrigerant/r-454b/	G9	"Carrier markets R-454B as Puron Advance and led its US deployment...; Trane and Lennox followed [carrierpuron][trane]."	"Carrier markets R-454B as Puron Advance, its R-410A replacement [carrierpuron]."
/refrigerant/r-454b/	G9	whereItsUsed: "Residential central AC — new equipment 2025+ (Carrier, Trane, Lennox lead)"	"Residential central AC — new equipment 2025+"
/refrigerant/r-454b/	G7	"...more regulatory headroom than R-32 — useful as EU F-Gas regulations tighten threshold tiers over time."	"...more regulatory headroom than R-32."
/refrigerant/r-454b/	G4	"The AIM Act permits R-454B for new residential AC equipment under the 700-GWP technology transition threshold effective 1 January 2025 [aimact]."	"40 CFR 84.54(a)(1),(c)(1) allow R-454B in new residential and light-commercial AC and heat pumps because its GWP is below the 700 limit that took effect 1 January 2025 [aimact]."
/refrigerant/r-454b/	G6	"SNAP-listed acceptable for residential AC, light commercial AC, and heat pumps [snap]."	sentence deleted (unverified SNAP acceptability claim)
/refrigerant/r-454b/	G4	faq: "...well below the AIM Act 700-GWP threshold for residential AC...as future thresholds tighten."	"...well below the 40 CFR 84.54(a)(1),(c)(1) 700-GWP limit for new residential and light-commercial AC and heat pumps...if future thresholds are lowered."
/refrigerant/r-454b/	G9	faq: "R-32 is pure...preferred by Daikin / Mitsubishi / LG / Fujitsu. R-454B...preferred by Carrier / Trane / Lennox [carrierpuron][trane]."	brand lists removed; "...R-454B...marketed by Carrier as Puron Advance [carrierpuron]."
/refrigerant/r-454b/	G10	"R-454B's slightly lower GWP comes from the R-1234yf component"	"R-454B's lower GWP comes from the R-1234yf component" (465 vs 675 is ~31%, not slight)
/refrigerant/r-454b/	G9	faq: "Trane and Lennox market R-454B equipment without the Puron branding..."	"Other manufacturers market R-454B equipment without the Puron branding..."
/refrigerant/r-454b/	G9	retrofit notes: "...new R-454B equipment (Carrier Puron Advance, Trane, Lennox) or R-32 equipment (Daikin, Mitsubishi, LG, Fujitsu)..."	"...new R-454B equipment (Carrier markets it as Puron Advance) or R-32 equipment..."
/refrigerant/r-454b/	G4	"R-466A at 733 (which exceeds AIM Act). The 235-point margin below the AIM Act 700 threshold gives R-454B...headroom as future threshold tiers may tighten."	"R-466A at 733 (which exceeds the limit). The 235-point margin below the 40 CFR 84.54(a)(1),(c)(1) 700-GWP limit for new residential and light-commercial AC and heat pumps gives R-454B...headroom."
/refrigerant/r-454b/	G7	KeyInsight: "EU F-Gas Regulation revisions through 2030 may tighten threshold tiers...R-454B's 465 GWP could comfortably accommodate a 500-GWP threshold...Carrier, Trane, and Lennox chose R-454B..."	"R-454B's 465 GWP sits further below the 40 CFR 84.54 limits than pure R-32 at 675...some OEMs chose R-454B over pure R-32..." (EU/500-GWP speculation + brand list removed)
/refrigerant/r-454b/	G9	TechSection title: "OEM choice — Carrier / Trane / Lennox vs Daikin / Mitsubishi / LG"	"OEM choice — R-454B versus pure R-32"
/refrigerant/r-454b/	G9	"Carrier, Trane...and Lennox standardized on R-454B...[carrierpuron][trane]. Daikin...Mitsubishi...LG, and Fujitsu standardized on pure R-32...Daikin's R-32 patent portfolio gave the company a manufacturing-cost advantage..."	"One camp standardized on R-454B, marketed under Carrier's Puron Advance brand...[carrierpuron]. The other camp standardized on pure R-32." (brand lists + patent-cost claim removed)
/refrigerant/r-454b/	G4	"Both refrigerants will be commercially serviceable through the 2030s; both clear the AIM Act 700-GWP threshold..."	"Both fall below the 40 CFR 84.54(a)(1),(c)(1) 700-GWP limit for new residential and light-commercial AC and heat pumps..." (availability claim removed, threshold named)
/refrigerant/r-454b/	G9	"The Carrier / Trane / Lennox standardization gives R-454B substantial US market share — likely 50-60%...through the late 2020s, with R-32 capturing the balance through Daikin / Mitsubishi / LG / Fujitsu sales."	"The OEMs that standardized on R-454B give it substantial US market share, with pure R-32 taking the balance." (numbers + brand lists removed)
/refrigerant/r-454b/	G7	"As future EU F-Gas thresholds may tighten...EU F-Gas Regulation revisions in 2024 already target tighter thresholds in some segments through 2030."	"Its lower baseline gives the chemistry a longer regulatory runway than pure R-32 if future thresholds are lowered." (EU tightening specifics deleted)
/refrigerant/r-454c/	G6	sources: id snap — label "EPA SNAP — R-454C acceptable for commercial refrigeration"	deleted the SNAP source entry (not a verified us.snap listing)
/refrigerant/r-454c/	G6	Application keyStat with sourceId: snap	removed the sourceId: snap citation
/refrigerant/r-454c/	G7	context: Below EU F-Gas 150-GWP threshold for some commercial refrigeration categories	context: Below 150, the limit in 517/2014 Annex III rows 11 and 13
/refrigerant/r-454c/	G4/G7	146 — below the EU F-Gas 150-GWP threshold for some commercial refrigeration categories and well below the AIM Act 700-GWP threshold	146 — below 150, the limit in 517/2014 Annex III rows 11 and 13, and below every 40 CFR 84.54 limit (the lowest is 150)
/refrigerant/r-454c/	G7	under EU F-Gas 150-GWP threshold (whereItsUsed)	under the EU F-Gas 150 limit (517/2014 Annex III rows 11 and 13)
/refrigerant/r-454c/	G4/G7	sits below the EU F-Gas 150-GWP threshold ... and provides comfortable headroom under the AIM Act 700-GWP threshold	sits below 150 — the limit in 517/2014 Annex III rows 11 and 13 — and below every 40 CFR 84.54 limit (the lowest is 150)
/refrigerant/r-454c/	G7	engineered to fit just under the EU 150-GWP threshold	engineered to fit just under 150, the limit in 517/2014 Annex III rows 11 and 13
/refrigerant/r-454c/	G4/G7	sits below the EU F-Gas 150-GWP threshold ... and well below the AIM Act 700-GWP threshold for residential AC (FAQ)	sits below 150, the limit in 517/2014 Annex III rows 11 and 13, and well below the AIM Act 700-GWP limit for new residential and light-commercial AC and heat pumps
/refrigerant/r-454c/	G7	under EU F-Gas 150-GWP threshold or AIM Act (retrofitGuidance)	under the EU F-Gas 150 limit (517/2014 Annex III rows 11 and 13) or the AIM Act
/refrigerant/r-454c/	G7	engineered specifically to sit below the EU F-Gas 150-GWP threshold for several commercial refrigeration categories	engineered specifically to sit below 150, the limit in 517/2014 Annex III rows 11 and 13
/refrigerant/r-454c/	G4/G7	title: GWP 146 — below EU F-Gas 150 threshold, well below AIM Act 700	title: GWP 146 — below the EU F-Gas 150 limit and every 40 CFR 84.54 limit
/refrigerant/r-454c/	G7	fit just below the EU F-Gas Regulation 150-GWP threshold ... targets ... under the 2014 regulation and 2024 amendments	fit just below 150, the limit in 517/2014 Annex III rows 11 and 13; rows target plug-in commercial refrigerators/freezers (row 11) and multipack centralised systems (row 13)
/refrigerant/r-454c/	G4	R-404A (... GWP 3922, AIM Act phase-down 2024-2025)	R-404A (... GWP 3922, restricted by subsector 2025–2027 under 40 CFR 84.54)
/refrigerant/r-454c/	G9	faster in EU (F-Gas 150-GWP thresholds ...) ... EU OEMs (Carrier Commercial Refrigeration, Hussmann, AHT Cooling Systems) ... US adoption is growing through 2024-2027	faster in the EU (F-Gas thresholds ...) ... EU commercial refrigeration OEMs ship them extensively; US adoption is growing
/refrigerant/r-454c/	G9	Equipment-OEM training programs through 2024-2027 cover both adjustments	Equipment-OEM training programs cover both adjustments
/refrigerant/r-454c/	G4	clears the 700-GWP threshold for residential AC ... below the higher thresholds applied to most commercial refrigeration categories	clears the 700-GWP limit for new residential and light-commercial AC and heat pumps ... below every other 40 CFR 84.54 limit that applies to commercial refrigeration categories
/refrigerant/r-455a/	G6	sources: id: snap — label "EPA SNAP — R-455A acceptable for commercial refrigeration"	deleted the snap source (R-455A commercial refrigeration is not a verified us.snap listing)
/refrigerant/r-455a/	G6	Application keyStat had sourceId: snap	removed the sourceId: snap reference (pointed to the deleted SNAP source)
/refrigerant/r-455a/	G7	context: Below EU F-Gas 150-GWP threshold; identical GWP to R-454C	context: Below 150, the limit in 517/2014 Annex III rows 11 and 13; identical GWP to R-454C
/refrigerant/r-455a/	G7	GWP 146 sits below the EU F-Gas 150-GWP threshold	GWP 146 sits below 150, the limit in 517/2014 Annex III rows 11 and 13
/refrigerant/r-455a/	G7	both blends are engineered to the same EU F-Gas 150-GWP threshold for several commercial refrigeration categories	both blends are engineered to the same 150 limit in 517/2014 Annex III rows 11 and 13 for several commercial refrigeration categories
/refrigerant/r-455a/	G7	The 146 GWP sits below the EU F-Gas 150-GWP threshold	The 146 GWP sits below 150, the limit in 517/2014 Annex III rows 11 and 13
/refrigerant/r-457a/	G4	places it well below the AIM Act 700-GWP threshold and meets EU F-Gas 150-GWP cutoff for commercial refrigeration	places it below every 40 CFR 84.54 limit (the lowest is 150) and below the 150 limit in 517/2014 Annex III rows 11 and 13
/refrigerant/r-457a/	G7	meets EU F-Gas 150-GWP cutoff for commercial refrigeration	below the 150 limit in 517/2014 Annex III rows 11 and 13
/refrigerant/r-457a/	G4	It is below the AIM Act 150-GWP cutoff for low-temperature commercial refrigeration (the most aggressive threshold), meaning it remains permitted for new equipment installations in that segment	It is below every 40 CFR 84.54 limit (the lowest is 150), meaning it remains permitted for new equipment installations
/refrigerant/r-457a/	G4	This is below ... AIM Act 150-GWP threshold for low-temperature commercial refrigeration	below every 40 CFR 84.54 limit (the lowest is 150)
/refrigerant/r-457a/	G7	This is below EU F-Gas 150 cutoff	This is below the 150 limit in 517/2014 Annex III rows 11 and 13
/refrigerant/r-457a/	G6	EPA SNAP rules treat R-457A as acceptable for retail food refrigeration (medium-temp), commercial ice machines, and some industrial process refrigeration.	(sentence deleted)
/refrigerant/r-502/	G9	Was the dominant low-temperature commercial refrigerant for three decades.	Was the dominant low-temperature commercial refrigerant.
/refrigerant/r-502/	G9	R-502 production has been banned in the United States for almost three decades.	R-502 production has been banned in the United States.
/refrigerant/r-502/	G9	R-502 was banned because of the R-115 component, even though most of the molecule by mass is HCFC R-22 (which was banned later, in 2020, for its own ODP).	R-502 was banned because of the R-115 component; R-502 is a blend, 51.2% CFC-115 / 48.8% HCFC-22 (the HCFC-22 was banned later, in 2020, for its own ODP).
/refrigerant/r-507a/	G9	Service supply for R-507A will continue indefinitely under current EPA rules;	Service supply for R-507A continues under current EPA rules;
/refrigerant/r-507a/	G9	...85% by 2036). Pricing will rise gradually but stays below the steep R-22-style curve because the installed base is smaller.	...85% by 2036). [sentence deleted]
/refrigerant/r-513a/	G7	not low enough to clear EU F-Gas thresholds for the strictest chiller categories (where R-1234ze(E) at GWP 1 or R-515B at 287 is preferred)	higher than the lowest-GWP chiller options (R-1234ze(E) at GWP 1 or R-515B at 287)
/refrigerant/r-513a/	G9	R-513A's GWP positioning is adequate through the late 2020s.	R-513A's GWP positioning is adequate for the near term.
/refrigerant/r-513a/	G9	Chemours and major chiller OEMs (Trane, Carrier, Johnson Controls, Daikin) offer R-513A new-equipment options.	Chemours and major chiller OEMs offer R-513A new-equipment options.
/refrigerant/r-514a/	G8	ventilation per ASHRAE 15 Table 8-2 with B1-appropriate	ventilation per ASHRAE 15 with B1-appropriate
/refrigerant/r-514a/	G9	several centrifugal chiller manufacturers (Trane, Carrier, York/Johnson Controls) offer R-514A-rated models	several centrifugal chiller manufacturers offer R-514A-rated models
/refrigerant/r-515b/	G4	below the US AIM Act 700-GWP limit, so it remains permitted for new equipment in that category	below the 700-GWP limit for comfort-cooling chillers (40 CFR 84.54(a)(10)(i), (c)(3)), so it remains permitted for new equipment in that category
/refrigerant/r-515b/	G7	For EU F-Gas 150-GWP application categories (small split AC, some commercial refrigeration) its GWP is above the threshold	For EU F-Gas application categories with a 150-GWP threshold, its GWP is above 150, the limit in 517/2014 Annex III rows 11 and 13
/refrigerant/r-515b/	G7	As EU F-Gas thresholds tighten further (the 2024 revision targets even lower thresholds for some applications by 2030), R-515B may face restrictions	As EU F-Gas thresholds tighten further, R-515B may face restrictions
/refrigerant/r-516a/	G7	ASHRAE A2L, GWP 140 — below the EU F-Gas 150-GWP threshold. (metaDescription)	ASHRAE A2L, GWP 140 — below the 150 limit in EU F-Gas 517/2014 Annex III rows 11 and 13.
/refrigerant/r-516a/	G7	GWP 140 — meets the EU F-Gas Regulation 150 threshold. (introOneLiner)	GWP 140 — below 150, the limit in EU F-Gas 517/2014 Annex III rows 11 and 13.
/refrigerant/r-516a/	G7	GWP of 140 — below the EU F-Gas Regulation 150 threshold for new stationary refrigeration that most HFC blends fail. (whatItIs)	GWP of 140 — below 150, the limit in EU F-Gas 517/2014 Annex III rows 11 and 13, that most HFC blends fail.
/refrigerant/r-516a/	G7	R-516A's GWP of 140 meets the EU F-Gas Regulation 150 threshold for new stationary refrigeration (phaseDownStatus)	R-516A's GWP of 140 is below 150, the limit in EU F-Gas 517/2014 Annex III rows 11 and 13
/refrigerant/r-516a/	G10	joining R-454C (146), R-455A (146), R-744 (1), and R-290 (3)	joining R-454C (146), R-455A (146), R-744 (1), and R-290 (3.3)
/refrigerant/r-516a/	G4	It also passes the AIM Act 700 threshold by a wide margin.	It is also below every applicable 40 CFR 84.54 limit (the lowest is 150) by a wide margin.
/refrigerant/r-516a/	G8	...A2L-rated recovery cylinders; technician A2L handling training beyond standard EPA Section 608. (serviceNotes)	...and A2L-rated recovery cylinders. A2L handling training beyond standard EPA Section 608 is recommended, and required only where the adopted code or employer mandates it.
/refrigerant/r-516a/	G7	Both are very-low-GWP A2L blends below the EU F-Gas 150 threshold. (FAQ)	Both are very-low-GWP A2L blends below 150, the limit in EU F-Gas 517/2014 Annex III rows 11 and 13.
/refrigerant/r-516a/	G4	GWP 140 is below the AIM Act 700 threshold for new equipment (FAQ)	GWP 140 is below every 40 CFR 84.54 limit under the AIM Act (the lowest is 150)
/refrigerant/r-516a/	G7	and below the EU F-Gas Regulation 150 threshold for new stationary refrigeration. (FAQ)	and below the 150 limit in EU F-Gas 517/2014 Annex III rows 11 and 13.
/refrigerant/r-600a/	G10	R-290 (propane, GWP 3)	R-290 (propane, GWP 3.3)
/refrigerant/r-600a/	G8	extremely small charge sizes (typically 30-100g per refrigerator, well below the IEC 60335-2-24 charge limits for hermetic refrigerant circuits in occupied spaces)	extremely small charge sizes — well below the UL 60335-2-24 (2nd ed., incorporated by EPA SNAP, 83 FR 38969) cap of 150 g of flammable refrigerant per refrigerant circuit —
/refrigerant/r-600a/	G8	typical household refrigerator uses 30-100g of R-600a, well below IEC 60335-2-24 limits and below the amount... [iec60335289]	a household refrigerator's R-600a charge sits well below the UL 60335-2-24 (2nd ed., incorporated by EPA SNAP, 83 FR 38969) cap of 150 g per refrigerant circuit, and below the amount... [snap]
/refrigerant/r-600a/	G9	US manufacturers (Whirlpool, GE, Frigidaire/Electrolux) transitioned through the 2010s	US manufacturers transitioned through the 2010s
/refrigerant/r-717/	G10	introOneLiner: natural refrigerant with GWP 0, ODP 0, B2L safety	natural refrigerant with GWP 1 (US EPA basis), ODP 0, B2L safety
/refrigerant/r-717/	G10	keyStats GWP (100-yr) value "0", context: No climate impact	value "1", context: US EPA basis; negligible climate impact
/refrigerant/r-717/	G10	narrative.whatItIs: a natural refrigerant with zero global warming potential	a natural refrigerant with a global warming potential of 1 (US EPA basis)
/refrigerant/r-717/	G10	phaseDownStatus: GWP 0 and ODP 0 are below any environmental regulatory threshold	GWP 1 (US EPA basis) and ODP 0 are below any environmental regulatory threshold
/refrigerant/r-717/	G10	faq: GWP 0 and ODP 0 — the best environmental profile	GWP 1 (US EPA basis) and ODP 0 — the best environmental profile
/refrigerant/r-717/	G10	environmental section: R-717 has zero ozone-depletion potential and zero global warming potential	zero ozone-depletion potential and a global warming potential of 1 (US EPA basis)
/refrigerant/r-717/	G7	EU F-Gas Regulation (2014, revised 2024): ammonia unaffected	EU F-Gas Regulation (replaced by 2024/573): ammonia unaffected
/refrigerant/r-717/	G9	R-717/R-744 cascade has become the dominant new-equipment architecture ... in EU markets through 2015-2025 and is growing in US installations	R-717/R-744 cascade is an increasingly common architecture for industrial-scale food refrigeration in both EU and US installations
/refrigerant/r-744/	G9	Heat-pump water heaters using R-744 (e.g., Sanden, ECO² Systems) are commercially available because...	Heat-pump water heaters using R-744 are commercially available because... (brand list deleted)
/refrigerant/r-744/	G9	EU adoption is ahead of US — most new European supermarkets install R-744 transcritical systems. US adoption is growing through 2024-2027 as AIM Act phase-down pressure...	EU adoption is ahead of the US — R-744 transcritical is common in new European supermarkets. US adoption is growing as AIM Act phase-down pressure... ('most' and year range removed)
/refrigerant/r-744/	G9	EU supermarket adoption is mature — most new EU supermarket installations from 2015 onward are R-744 transcritical.	EU supermarket adoption is mature, with R-744 transcritical widely used in new installations. ('most... from 2015 onward' reduced)
/refrigerant/r-744/	G9	US adoption lagged EU by approximately 5 years but is accelerating through 2024-2027... Major US supermarket chains (Walmart, Whole Foods, Sobeys, Loblaws) have piloted and rolled out... through the 2020s.	US adoption trails the EU but is accelerating... Major US supermarket chains have piloted and rolled out R-744 transcritical installations. ('~5 years', year range, brand list, and 'through the 2020s' removed)
/refrigerant/r-744/	G9	R-744 is dominant in heat pump water heaters (Sanden, ECO² Systems, others) where the transcritical cycle's natural high-side temperature glide matches...	R-744 is dominant in heat pump water heaters, where the transcritical cycle's natural high-side temperature glide matches... (brand list deleted)
/refrigerant/r-c318/	G7	EU F-Gas Regulation includes PFCs in its phase-down scope.	PFCs are fluorinated greenhouse gases under the F-gas Regulation; the EU quota phase-down applies to HFCs.
/what-pressure-should-r1234yf/	G5	R-1234yf ... restricted in US new light-duty vehicles from Model Year 2025 under the EPA Technology Transitions rule (40 CFR 84.54(a)(13)).	R-1234yf ... the common replacement in the US, where 40 CFR 84.54(a)(13)(i) bars new R-134a (GWP ≥150) motor-vehicle A/C from Model Year 2025.
/what-pressure-should-r1234yf/	G5	headline GWP is 1 on the US EPA basis (40 CFR 84.64) — that's what you cite for compliance and reporting.	headline GWP is 1 on the US EPA basis; ... HFOs are not in the AIM Act exchange-value table (40 CFR 84.64(b) Table 1).
/what-pressure-should-r1234yf/	G5	R-1234yf (GWP 1 on the US EPA basis, 40 CFR 84.64; <1 per strict AR5)	R-1234yf (GWP 1 on the US EPA basis; <1 per strict AR5)
/what-pressure-should-r1234yf/	G5	the US EPA basis / 40 CFR 84.64 figure the site uses is 1	the US EPA basis figure the site uses is 1
/what-pressure-should-r1234yf/	G5	SNAP Rule 27 (proposed October/November 2025; supplemental proposal 2026) would extend yf to retrofit ... heavy-duty on-highway — status remains "proposed" as of June 2026, not final.	(sentence deleted)
/what-pressure-should-r1234yf/	G5	SNAP Rule 20 (2015, 80 FR 42870) listing R-134a unacceptable in new light-duty MVAC;	(deleted from extraSources)
/what-pressure-should-r1234yf/	G9	per Chemours, R-1234yf is in 95% of new US cars currently for sale.	and R-1234yf is now standard in new US cars.
/what-pressure-should-r1234yf/	G9	Chemours Opteon YF product data sheet (Chemours reports ~95% of new US cars filled with R-1234yf currently).	Chemours Opteon YF product data sheet.
/what-pressure-should-r22/	G3	Pressure-add charge ONLY after locating and repairing the leak per EPA Section 608.	Locate and repair the leak before recharging: no general federal rule bars adding refrigerant to a leaking system, but Section 608 leak-repair duties apply by appliance size (40 CFR 82.157 for appliances holding 50 lb or more of class I/II refrigerant).
/what-pressure-should-r32/	G8	...A2L-rated recovery cylinders, and technician training specific to A2L apply.	...and A2L-rated recovery cylinders apply; A2L-specific technician training is recommended.
/what-pressure-should-r449a/	G9	~7.6°R average operating glide: dew curve for superheat (introOneLiner)	Significant operating glide: dew curve for superheat
/what-pressure-should-r449a/	G9	R-449A is zeotropic with an average operating glide of ~7.6°R (Chemours retrofit guideline Table 1; CoolProp...) (narrativeIntro)	R-449A is zeotropic (CoolProp 7.2.0 confirms ~7–10°F glide...)
/what-pressure-should-r449a/	G9	Average operating glide is 7.6°R per Chemours retrofit guideline Table 1. (envelopeBullets)	(sentence deleted)
/what-pressure-should-r449a/	G9	R-449A has ~7.6°R average operating glide. (commonMistakes)	R-449A has significant operating glide.
/what-pressure-should-r449a/	G9	R-449A's ~7.6°R average operating glide means... (diagnosticSteps)	R-449A's significant operating glide means...
/what-pressure-should-r449a/	G9	R-449A has 7.6°R average operating glide (Chemours retrofit guideline Table 1) — (faqs)	R-449A has significant operating glide —
/what-pressure-should-r449a/	G6	; EPA SNAP listings for retail food refrigeration (supermarket systems, remote condensing units, processing/dispensing equipment) (extraSources)	(deleted — R-449A not in verified SNAP list)
/what-pressure-should-r449a/	G4 (rule A)	keeps it legal for new retail-food remote condensing units and supermarket systems through 2032 under the 1,400 interim GWP threshold (narrativeIntro)	keeps it legal for new retail-food remote condensing units from July 27, 2026 and supermarket systems from January 1, 2027, under the 1,400 interim GWP threshold, until January 1, 2032
/what-pressure-should-r449a/	G4 (rule A)	raises the new-equipment GWP threshold for retail-food remote condensing units and supermarket systems to 1,400 effective 2026 through 2032 (envelopeBullets Regulatory status)	sets the retail-food new-equipment GWP threshold at 1,400 for remote condensing units from July 27, 2026; supermarket systems from January 1, 2027
/what-pressure-should-r449a/	G4 (rule B)	a legal choice for new retail-food equipment through 2032 (envelopeBullets)	a legal choice for new remote condensing units and supermarket systems until January 1, 2032 (new stand-alone units have a 150 limit since 2025)
/what-pressure-should-r449a/	G4 (rule A)	raises the new-equipment GWP threshold for retail-food remote condensing units and supermarket systems to 1,400 effective 2026 through 2032 (faqs, phase-out)	sets the retail-food new-equipment GWP threshold at 1,400 for remote condensing units from July 27, 2026; supermarket systems from January 1, 2027
/what-pressure-should-r449a/	G4 (rule A)	raises retail-food new-equipment GWP threshold to 1,400 through 2032 (extraSources docket)	raises the retail-food new-equipment GWP threshold to 1,400 for remote condensing units from July 27, 2026 and supermarket systems from January 1, 2027
/what-pressure-should-r454b/	G9	Carrier favors R-454B (Puron Advance brand continuity); Daikin and Mitsubishi favor R-32.	Carrier favors R-454B (Puron Advance brand continuity); other major manufacturers favor R-32.
/what-pressure-should-r454b/	G4	below the AIM Act 700 threshold for new residential AC equipment	below the 40 CFR 84.54(a)(1)/(c)(1) 700-GWP limit for new residential and light-commercial AC and heat pumps
/guides-hub/	G4/G10	R-454C vs R-455A blurb: "...same GWP 148, different glide..."	"...same GWP 146, different glide..." (FACTS: R-454C = 146, R-455A = 146)
/guides-hub/	G4/G10	R-454B vs R-454C blurb: "R-454B residential AC (GWP 466); R-454C ... (GWP 148, 14°F glide)"	"R-454B residential AC (GWP 465); R-454C ... (GWP 146, 14°F glide)" (FACTS: R-454B = 465, R-454C = 146)
/hvac-refrigerant-recovery-guide/	G3	FAQ: 'Per 40 CFR § 82.156(b) Table 2, evacuation levels depend...'	'Per 40 CFR § 82.156(a) Table 1, evacuation levels depend...'
/hvac-refrigerant-recovery-guide/	G3	HowTo schema step 6: '...per 40 CFR § 82.156(b) Table 2 for HFCs/HCFCs'	'...per 40 CFR § 82.156(a) Table 1 for HFCs/HCFCs'
/hvac-refrigerant-recovery-guide/	G3	Section heading: 'Required evacuation levels per 40 CFR § 82.156(b)'	'Required evacuation levels per 40 CFR § 82.156(a)'
/hvac-refrigerant-recovery-guide/	G3	'The current Table 2 in § 82.156(b) summarizes the requirements'	'The current Table 1 in § 82.156(a) summarizes the requirements'
/hvac-refrigerant-recovery-guide/	G3	Source note: 'Source: 40 CFR § 82.156(b) Table 2.'	'Source: 40 CFR § 82.156(a) Table 1.'
/hvac-refrigerant-recovery-guide/	G3	Procedure intro: '...under 200 lb charge per EPA § 82.156(b):'	'...under 200 lb charge per EPA § 82.156(a):'
/hvac-refrigerant-recovery-guide/	G3	ProcessFlow step 6: '10-15 in.Hg per EPA Table 2.'	'10-15 in.Hg per EPA Table 1.'
/hvac-refrigerant-recovery-guide/	G3	Sources list: '§ 82.156 (... evacuation levels in Table 2)'	'§ 82.156 (... evacuation levels in Table 1)'
/hvac-refrigerant-recovery-guide/	G3	'...category of equipment. EPA revised the Section 608 exam ...; the current question bank can be used only through Jan 1, 2027, and there is no new Type IV certification (ACHR News...):'	'...category of equipment:' (exam-question-bank / no-Type-IV clause deleted)
/low-suction-pressure/	G3	Fix: leak-check (EPA Section 608 required), repair leak…	Fix: leak-check (federal leak-repair duties are size-based — 40 CFR 82.157 and 84.106 — not a blanket requirement), repair leak…
/low-suction-pressure/	G3	…a leak has been located and repaired (EPA Section 608 prohibits topping-off a leaking system)… Adding refrigerant to a leaking system violates Section 608 and doesn't fix the underlying problem…	…a leak has been located and repaired… There's no blanket federal no-top-off rule — leak-repair duties are size-based: 40 CFR 82.157 (50 lb+ class I/II) and 40 CFR 84.106 (from Jan 1 2026, 15 lb+ HFC GWP above 53; residential & light-commercial AC/HP exempt). Regardless, topping off a leaking system doesn't fix the underlying problem…
/low-suction-pressure/	G3	EPA 40 CFR Part 82 Subpart F — Section 608 leak-repair requirements before recharge.	EPA 40 CFR Part 82 Subpart F — Section 608 refrigerant recovery and size-based leak-repair requirements (40 CFR 82.157).
/pt-charts-tools-hub/	G10	environmental data (GWP per AR5/AR6, ODP, atmospheric lifetime, SNAP status)	environmental data (GWP on the US EPA basis plus IPCC AR4/AR5/AR6, ODP, atmospheric lifetime)
/pt-charts-tools-hub/	G10	regulatory status (AIM Act affected, EU F-Gas status)	regulatory status (AIM Act affected)
/refrigerant-comparison-guide/	G9	R-32 is the pure-component choice (Daikin's preference); R-454B is a R-32/R-1234yf blend (Carrier, Trane, Lennox preference).	R-32 is the pure-component choice; R-454B is a R-32/R-1234yf blend.
/refrigerant-comparison-guide/	G1	phased out CFCs (US: 1996) and HCFCs (R-22 in 2020, R-123 in 2020, R-124 in 2015).	phased out CFCs (US: 1996) and HCFCs (HCFC-22 ended January 1, 2020; other HCFCs such as R-123 and R-124 available since 2015 only for pre-2020 equipment, none from January 1, 2030).
/refrigerant-comparison-guide/	G10	R-1234yf at 4	R-1234yf at 1 (dataset headline / US EPA basis)
/refrigerant-comparison-guide/	G1	R-123 production banned 2020.	other HCFCs such as R-123 face no US production or import from January 1, 2030 (available since 2015 only for pre-2020 equipment).
/refrigerant-comparison-guide/	G7	EU F-Gas Regulation 517/2014 (revised 2024) ... 150-GWP threshold for some commercial refrigeration and small split AC; 2500-GWP threshold for centralized commercial refrigeration. The 2024 revision tightens schedules further through 2030.	EU F-Gas Regulation 517/2014 (replaced by 2024/573) ... 517/2014 Annex III rows 11 and 13 use a 150-GWP threshold and row 12 uses 2500. Regulation (EU) 2024/573 has applied since 11 March 2024 and adds further prohibitions ...; its Annex IV is the current EU list.
/refrigerant-comparison-guide/	G6	Most modern HFOs and A2L blends have SNAP acceptable-use designations for their target applications.	(sentence deleted)
/refrigerant-comparison-guide/	G9	R-410A pricing has risen sharply as AIM Act production allocations decrease through 2025.	R-410A pricing has risen as AIM Act production allowances decline.
/refrigerant-comparison-guide/	G9	Daikin favors R-32 (pure-component supply chain control); Carrier, Trane, Lennox favor R-454B (slightly lower GWP, blend manufactured by Honeywell/Chemours).	some manufacturers favor R-32 (pure-component supply-chain control); others favor R-454B (slightly lower GWP).
/refrigerant-comparison-guide/	G1	R-123 was the dominant low-pressure centrifugal chiller refrigerant for decades — production banned 2020.	R-123 ... for decades — as an HCFC other than HCFC-22/142b, since 2015 only for pre-2020 equipment, with no production or import from January 1, 2030.
/refrigerant-comparison-guide/	G1	R-123 (production banned 2020) and R-134a are the historical chiller refrigerants.	R-123 (an HCFC with no US production or import from January 1, 2030) and R-134a are the historical chiller refrigerants.
/refrigerant-comparison-guide/	G7	EU F-Gas Regulation 517/2014 (revised 2024) — EU HFC phase-down framework	EU F-Gas Regulation 517/2014 (replaced by 2024/573) — EU HFC phase-down framework
/refrigerant-prices-guide/	G4	AIM Act covers 18 specific HFCs and HFC blends as listed in its statutory schedule	AIM Act covers 18 HFCs (blends are covered through their HFC components)
/refrigerant-prices-guide/	G4	HFC/HFO blends below 700 GWP (R-454B 465, R-454C 146, R-455A 146) ... exempt from the Technology Transitions rule's NEW EQUIPMENT prohibition	Only R-454C and R-455A (146) fall below every 84.54 limit; R-454B (465) is allowed in new residential AC but restricted where the limit is 150 or 300
/refrigerant-prices-guide/	G7	F-Gas Regulation 517/2014 (now superseded by EU 2024/573 with an accelerated schedule)	F-Gas Regulation 517/2014 (replaced by (EU) 2024/573, applying from 11 March 2024)
/refrigerant-prices-guide/	G9	For 30 years ... HVAC refrigerant pricing was largely stable. CFC pricing collapsed ... HCFC (R-22) pricing followed the same downward path ... reversed sharply ... traded at commodity-style pricing through the 2010s	Before the AIM Act's passage in 2020, pricing was comparatively predictable; CFCs phased out under the Montreal Protocol, HCFC-22 followed with US production/import ending January 1, 2020, HFCs entered as the Montreal-compliant replacement chemistry
/refrigerant-prices-guide/	G7	EU Regulation 517/2014 (entered into force January 2015, recently superseded by EU 2024/573 in March 2024 ...) ... Together AIM Act and EU F-Gas affect roughly 60% of global HFC consumption.	EU Regulation 517/2014 (applied from 1 January 2015; replaced by (EU) 2024/573, applying from 11 March 2024) ... [60% global-consumption sentence deleted]
/refrigerant-prices-guide/	G2	The statutory schedule from AIM Act Section 60(e)(2)(C):	The statutory schedule from the AIM Act (42 U.S.C. 7675(e)(2)(C)):
/refrigerant-prices-guide/	G2	Source: AIM Act Section 60, codified at 42 USC § 7675; implementing regulations at 40 CFR § 84.7.	Source: AIM Act, 42 U.S.C. 7675; phasedown schedule at 40 CFR 84.7.
/refrigerant-prices-guide/	G7	In March 2024 the EU enacted Regulation 2024/573, which substantially accelerated the schedule and added new sector-specific equipment prohibitions: [followed by 517/2014-vs-2024/573 % reduction ComparisonTable]	Regulation (EU) 2024/573 has applied since 11 March 2024 and adds further prohibitions on F-gas equipment, products and use; its Annex IV is the current EU list. [table deleted]
/refrigerant-prices-guide/	G7	sector-specific equipment bans (no new R-410A residential split systems after 2027, no high-GWP HFC commercial refrigeration after various dates)	sector-specific equipment bans
/refrigerant-prices-guide/	G4	... AIM Act caps virgin production but does not ban it — but the EU 2024/573 recast moves R-410A close to this state by 2030, and equivalent US restrictions are under consideration in EPA's Technology Transitions rulemaking.	... AIM Act caps virgin production but does not ban it.
/refrigerant-prices-guide/	G5	R-134a: Mobile AC equipment phased out 2014-2017; stationary still allowed	R-134a: New R-134a mobile AC barred for Model Year 2025+ light-duty vehicles (40 CFR 84.54(a)(13)(i)); stationary still allowed
/refrigerant-prices-guide/	G4	R-32: Subject to HFC allowance (below 700 GWP threshold)	R-32: Subject to HFC allowance; below the 700 limit for new residential/light-commercial AC and heat pumps
/refrigerant-prices-guide/	G4	R-454B: Exempt from 700 GWP equipment ban / New equipment allowed	R-454B: Regulated HFC blend; below the 700 limit for new residential/light-commercial AC and heat pumps / Allowed in new residential AC; restricted where the 84.54 limit is 150 or 300
/refrigerant-prices-guide/	G2	AIM Act Section 60 implementing regulations at 40 CFR Part 84 Subparts A and B	AIM Act (42 U.S.C. 7675) implementing regulations at 40 CFR Part 84 Subparts A and B
/refrigerant-prices-guide/	G1	reclaimed R-22 became 100% of US R-22 supply after the 2020 production ban	R-22 supply comes from reclaimed refrigerant and pre-2020 inventory
/refrigerant-prices-guide/	G7	Regulation (EU) No 517/2014 ... (entered into force January 2015, repealed January 2025 by Regulation 2024/573) ... (the recast, accelerated phase-down schedule)	Regulation (EU) No 517/2014 ... (applied from 1 January 2015; replaced by (EU) 2024/573, applying from 11 March 2024) ... (the recast)
/refrigerant-prices-guide/	G4	AIM Act 700-GWP threshold marked; the 150-GWP level used by several 40 CFR 84.54 categories also shown.	700-GWP limit for new residential/light-commercial AC and heat pumps marked; the 150-GWP level used by several 40 CFR 84.54 categories also shown.
/refrigerant-pt-comparison-tool/	G9	R-32 is the dominant A2L choice in Asia; R-454B leads in North America.	R-32 and R-454B are the common A2L options for this transition.
/refrigerant-pt-comparison-tool/	G5	...all new vehicles from 1 January 2017 (Directive 2006/40/EC) — and under US EPA SNAP.	...and in the US under 40 CFR 84.54(a)(13).
/refrigerant-pt-comparison-tool/	G4	R-454C is one of the two leading sub-700 GWP options (R-455A is the other).	R-454C is one of the two leading low-GWP options (R-455A is the other) — both at GWP 146, below every 40 CFR 84.54 limit.
/refrigerant-pt-comparison-tool/	G9	R-513A (Trane / Chemours Opteon XP10) is the most common chiller replacement	R-513A (Chemours Opteon XP10) is the most common chiller replacement
/refrigerant-pt-comparison-tool/	G9	Many chiller OEMs (Trane, Carrier, Daikin) certify R-513A as a drop-in replacement	Many chiller OEMs certify R-513A as a drop-in replacement
/refrigerant-safety-classifications/	G3	Labeling and installer training (EPA revised the Section 608 technician exam to add A2L and A3 questions — the current question bank is usable only through January 1, 2027, and there is no new Type IV certification).	Labeling and installer training.
/refrigerant-safety-classifications/	G3	EPA Section 608 (the technician exam was revised to add A2L/A3 questions; no new Type IV certification). A2L-rated recovery cylinders.	EPA Section 608 procedures. A2L-rated recovery cylinders.
/refrigerant-safety-classifications/	G3	service training (EPA revised the Section 608 technician exam to add A2L and A3 questions — the current question bank can be used only through January 1, 2027, and there is no new Type IV certification), and supply chain adjustments	service training, and supply chain adjustments
/refrigerant-safety-classifications/	G8	A2L row (incl. commercial refrigeration R-454C/R-455A) key requirement cited (IEC 60335-2-40)	(IEC 60335-2-40 for AC and heat pumps; 60335-2-89 for commercial refrigeration)
/subcooling-calculator/	G3	"Look for leaks before adding refrigerant under EPA Section 608." (FAQ on low subcooling) — implies a blanket Section 608 no-top-off rule	"Look for leaks before adding refrigerant; federal leak-repair duties are size-based (40 CFR 82.157 and 40 CFR 84.106 from January 1, 2026), not a blanket rule against topping off a leaking system."
/subcooling-calculator/	G3	EPA Section 608 source line: "refrigerant handling certification, leak repair requirements before adding refrigerant."	"refrigerant handling certification; size-based leak-repair duties (40 CFR 82.157; 40 CFR 84.106 from January 1, 2026), not a blanket rule against adding refrigerant to a leaking system."
/subcooling-calculator/	G9	"Mitsubishi, Daikin, LG, and Fujitsu all publish line-length correction tables — use them."	"Manufacturers publish line-length correction tables — use them." (brand list removed, qualitative point kept)
/superheat-calculator/	G3	...inspect the filter-drier (...) before adding refrigerant under EPA Section 608." (FAQ, line 37)	...before adding refrigerant." — removed the false implication that Section 608 mandates a leak-repair/verify sequence before topping off
/superheat-calculator/	G3	EPA Section 608 (40 CFR Part 82 Subpart F) — Refrigerant handling certification, leak repair requirements before adding refrigerant. (sources list, lines 424-425)	...Refrigerant-handling certification and size-based leak-repair duties (40 CFR 82.157); no blanket rule bars adding refrigerant to a leaking system.
src/components/comparison/ComparisonPage.tsx	G3	"EPA Section 608 leak-check first." — "adding refrigerant (existing or new) to a leaking system violates 40 CFR Part 82" (false blanket no-top-off claim)	"Leak-check first." — "No general federal rule bars adding refrigerant to a leaking system; leak-repair duties apply by appliance size (40 CFR 82.157 ... and 40 CFR 84.106 from January 1, 2026 ...)" per leakRepairNote
src/components/comparison/ComparisonPage.tsx	G4	"US EPA restricts new self-contained residential and light-commercial air conditioners and heat pumps ... GWP 700 or more" (RegulatoryContext) — "self-contained" conflates with the 150-limit stand-alone category	"US EPA restricts new residential and light-commercial air conditioners and heat pumps ... GWP 700 or more" — category named per 84.54(a)(1)/(c)(1)
src/components/comparison/ComparisonPage.tsx	G4	"US EPA restricts new self-contained residential and light-commercial AC and heat pumps at that level" (LifecycleContext)	"US EPA restricts new residential and light-commercial AC and heat pumps at that level"
src/components/comparison/ComparisonPage.tsx	G8	verdict body: "...oil change + A2L equipment certification" (renders for any A1→A2L/A3/B change)	"...oil change plus equipment certified for the higher safety class"
src/components/comparison/ComparisonPage.tsx	G8	verdict body: "A2L safety classification requires ... (A2L-listed equipment ...). Replace ... with A2L-certified unit." (renders for A3/B pairs too)	"the higher safety class requires ... (listed or ignition-protected equipment ...). Replace ... with a class-certified unit."
src/components/comparison/ComparisonPage.tsx	G8	RetrofitNotFeasible barrier: "equipment certified to UL/IEC 60335-2-40 for {b.safetyClass}: A2L-listed equipment" ({b.safetyClass} can be A3/B) — matches G8 example	"equipment certified to UL/IEC 60335-2-40 for {b.safetyClass}: listed or ignition-protected equipment"
src/lib/fault-patterns.ts	G3	Check for leaks before adding refrigerant — topping off without repair is an EPA Section 608 violation and the charge will be lost again.	Check for leaks before adding refrigerant — no general federal rule bars adding refrigerant to a leaking system (leak-repair duties are size-based per 40 CFR 82.157 and 84.106), but without repair the charge will be lost again.
src/lib/scenarios.data.ts	G3	Confirm the leak is fully repaired (EPA Section 608 requires this before adding refrigerant), then charge by weight...	Confirm the leak is fully repaired before recharging (leak-repair duties are size-based per 40 CFR 82.157 and 84.106; there is no blanket federal no-top-off rule), then charge by weight...
src/lib/scenarios.data.ts	G3	Find and repair the leak per EPA Section 608, then evacuate and charge by weight.	Find and repair the leak before recharging (leak-repair duties are size-based per 40 CFR 82.157 and 84.106; no blanket federal no-top-off rule), then evacuate and charge by weight.
src/lib/scenarios.data.ts	G3	Find and repair the leak per EPA Section 608 before adding refrigerant. After repair, evacuate to 500 microns...	Find and repair the leak before recharging (leak-repair duties are size-based per 40 CFR 82.157 and 84.106; no blanket federal no-top-off rule). After repair, evacuate to 500 microns...
src/lib/scenarios.data.ts	G3	Find and repair the leak per EPA Section 608 before adding refrigerant. Standard leak-search procedure:...	Find and repair the leak before recharging (leak-repair duties are size-based per 40 CFR 82.157 and 84.106; no blanket federal no-top-off rule). Standard leak-search procedure:...
src/lib/scenarios.data.ts	G3	Find the leak per EPA Section 608 (electronic detector, soap, UV dye), repair the leak, then evacuate... Do NOT add refrigerant without leak repair.	Find and repair the leak (electronic detector, soap, UV dye), then evacuate... Repairing the leak before recharging is good practice; leak-repair duties are size-based per 40 CFR 82.157 and 84.106, with no blanket federal no-top-off rule.
src/lib/scenarios.data.ts	G4	R-454C replaces R-404A as a sub-700 GWP option under the AIM Act.	R-454C replaces R-404A as a low-GWP option (146) that sits below every 40 CFR 84.54 limit (the lowest is 150).
src/lib/scenarios.data.ts	G9	OEMs (Carrier, Trane, Daikin, Mitsubishi) specify nearly identical service procedures.	OEMs specify nearly identical service procedures.
src/lib/scenarios.data.ts	G9	Daikin / Mitsubishi-style R-32 mini-split with a 75-ft pre-charged line set...	R-32 mini-split with a 75-ft pre-charged line set...
src/lib/scenarios.data.ts	G9	For line sets over 25 feet, OEMs (Mitsubishi, Daikin, Fujitsu) specify higher subcooling...	For line sets over 25 feet, OEMs specify higher subcooling...
/refrigerant/r-454c/	G7	"Annex III rows 11 and 13 [eufgas]. Those rows target new HFC-containing plug-in commercial refrigerators and freezers (row 11) and multipack centralised refrigeration systems (row 13)."	"Annex III rows 11 and 13 [eufgas]." (dropped unauthorized row-description sentence)
/refrigerant-safety-classifications/	G3	Sources footer: ACHR News "New Section 608 Exam" source line	deleted (orphan after exam-claim removal)
/r-22-vs-r-454b/	G9	the brands your local dealers carry often decides it	the brands your local dealers carry often decide it
/refrigerant/r-1234yf/	G5	the value Honeywell, Chemours and every manufacturer datasheet cite for compliance and reporting	1 on the US EPA basis (40 CFR 84.64(b) Table 1) used for compliance and reporting
/refrigerant/r-1234yf/	G5	R-1234yf is the EU- and US-mandated mobile AC refrigerant in new vehicles	R-1234yf is the common new-vehicle mobile-AC refrigerant (EU >150-GWP prohibition; US 84.54(a)(13)(i) MY2025 R-134a bar) — usual replacement, not a legal mandate
/refrigerant/r-1234yf/	G5/G10	body: IPCC AR5 lists <1 (with ** bold markers)	below 1 (removed <1 which broke MDX, and the ** markers)
/refrigerant/r-1234ze-e/	G5	introOneLiner: GWP 1 (US EPA basis, 40 CFR 84.64; ≈1 per strict AR5/AR6)	GWP 1 (US EPA basis, 40 CFR 84.64(b) Table 1; IPCC AR5 lists <1)
/refrigerant/r-1234ze/	G5/G10	strict IPCC AR5 / AR6 100-yr GWP is around 1 (AR6 ≈1.4) (with ** markers)	removed ungrounded AR6 ≈1.4 and ** markers; kept "AR5 lists below 1"
/refrigerant/r-245fa/	G9	widely deployed ... through 2030 — these are 20-30 year capital-intensive installations	widely deployed ... — these are long-lived, capital-intensive installations
/refrigerant/r-290/	G10	R-22 (1810), R-410A (2088), R-404A (3922) are 600-1300× higher GWP per kg	hundreds to over a thousand times higher GWP per kg
/refrigerant/r-290/	G10	R-290 at GWP 3.3 represents a 600-1300× climate impact reduction per kg	a climate impact hundreds to over a thousand times lower per kg
/refrigerant/r-407c/	G9	R-32 and R-454B dominate new residential AC	R-32 and R-454B are the common new residential AC refrigerants
/refrigerant/r-410a/	G4	both clear the 700-GWP threshold	both are below the 700-GWP limit for new residential and light-commercial AC and heat pumps (84.54(a)(1), (c)(1))
/refrigerant/r-410a/	G10	body: R-32 alone clears the threshold (675 < 700)	(675, below the 700 limit) — removed < which broke MDX
/refrigerant/r-448a/	G9	R-448A remains the dominant A1 choice	R-448A remains a common A1 choice
/refrigerant/r-513a/	G9	transitional refrigerant for R-134a chiller retrofit through the late 2020s (x2)	removed "through the late 2020s"
/refrigerant/r-516a/	G4	below every applicable 40 CFR 84.54 limit (the lowest is 150) by a wide margin	below every applicable 40 CFR 84.54 limit (the lowest is 150)
/refrigerant/r-516a/	G7	rows 11 and 13, that most HFC blends fail	rows 11 and 13 that most HFC blends exceed
/refrigerant/r-516a/	G10	metaDescription 179c: below the 150 limit in EU F-Gas 517/2014 Annex III rows 11 and 13	below the EU F-Gas Annex III 150 limit (152c)
/r-290-vs-r-600a/	G8	Charge limits per ASHRAE 15 and IEC 60335-2-40 for consumer-facing self-contained equipment	Charge limits for self-contained commercial refrigeration equipment (IEC 60335-2-89)
/r-290-vs-r-600a/	G8	IEC 60335-2-24 for household refrigerators, and IEC 60335-2-40 / ASHRAE 15 for other applications	IEC 60335-2-24 household; IEC 60335-2-89 commercial refrigerating appliances; IEC 60335-2-40 AC and heat pumps
/refrigerant-prices-guide/	G1	Service supply comes entirely from reclaimed material ... resold (x2)	from reclaimed material (AHRI 700-2019) and remaining pre-2020 inventory
/refrigerant-charge-calculator/	G3	EPA Section 608 prohibits adding refrigerant without first finding and repairing the leak	no blanket federal no-top-off rule; leak-repair duties size-based (40 CFR 82.157; 84.106 from 2026)
/refrigerant/r-1234ze/	G7	source "eufgas" (Regulation (EU) 517/2014) listed but uncited (pure HFO, no EU coverage)	removed orphan source
/refrigerant/r-454b/	G9	source "trane" (Trane R-454B docs) listed but uncited after brand-claim edits	removed orphan source
/refrigerant/r-12/	G2	The 1996 production ban is recognized as one of the most successful global environmental agreements	The Montreal Protocol is widely regarded as one of the most successful global environmental agreements
